processed_tokenized,final_sentence,Sentiment
['senang'],senang,Positive
"['mentok', 'melulu', 'di', 'pin', 'tiap', 'mau', 'log', 'in', 'tidak', 'bisa', 'masuk', 'terus']",mentok melulu di pin tiap mau log in tidak bisa masuk terus,Negative
"['aplikasi', 'sangat', 'bantu', 'saya', 'yang', 'lagi', 'hamil', 'dalam', 'pantau', 'tumbuh', 'kembang', 'janin', 'terima', 'kasih', 'banyak']",aplikasi sangat bantu saya yang lagi hamil dalam pantau tumbuh kembang janin terima kasih banyak,Positive
"['solusi', 'ibu', 'hamil']",solusi ibu hamil,Positive
"['aplikasi', 'parenting', 'lengkap', 'dan', 'baik', 'di', 'indonesia', 'truncated', 'for', 'brevity']",aplikasi parenting lengkap dan baik di indonesia truncated for brevity,Positive
"['sangat', 'bantu']",sangat bantu,Positive
"['manfaat', 'sekali']",manfaat sekali,Positive
"['aplikasi', 'yang', 'sangat', 'manfaat', 'cocok', 'untuk', 'program', 'hamil', 'truncated']",aplikasi yang sangat manfaat cocok untuk program hamil truncated,Positive
"['aplikasi', 'ini', 'sangat', 'bantu', 'sekali', 'buat', 'ibu', 'hamil', 'saya', 'suka']",aplikasi ini sangat bantu sekali buat ibu hamil saya suka,Positive
"['baru', 'mau', 'coba', 'kalau', 'bangus', 'ya', 'tidak', 'kasih', '5']",baru mau coba kalau bangus ya tidak kasih 5,Neutral
"['sangat', 'bagus']",sangat bagus,Positive
['good'],good,Positive
"['terima', 'kasih', 'karena', 'apakah', 'ini', 'aku', 'jadi', 'tahu', 'kembang', 'janin', 'ku']",terima kasih karena apakah ini aku jadi tahu kembang janin ku,Positive
"['good', 'information']",good information,Positive
['nan'],nan,Positive
"['sangat', 'bantu', 'untuk', 'informasi', 'sih', 'kecil']",sangat bantu untuk informasi sih kecil,Positive
"['aplikasi', 'bagus', 'banget', 'fitur2', 'dalam', 'pun', 'lengkap']",aplikasi bagus banget fitur2 dalam pun lengkap,Positive
"['it', 'more', 'helpful', 'to', 'me']",it more helpful to me,Positive
"['alhamdulillah', 'app', 'batu', 'banget', 'yang', 'saya', 'baru', 'pertama']",alhamdulillah app batu banget yang saya baru pertama,Positive
"['halo', 'tolong', 'kasih', 'tahu', 'saya', 'bagaimana', 'hapus', 'foto', 'di', 'album', 'aplikasi', 'ini']",halo tolong kasih tahu saya bagaimana hapus foto di album aplikasi ini,Neutral
['nan'],nan,Positive
"['alhamdulillah', 'jumpa', 'aplikasi', 'teman', 'ibu', 'hamil']",alhamdulillah jumpa aplikasi teman ibu hamil,Positive
"['suka', 'banget', 'aplikasi', 'ini', 'bukan', 'hanya', 'bisa', 'pantau', 'kembang', 'janin']",suka banget aplikasi ini bukan hanya bisa pantau kembang janin,Positive
"['lots', 'of', 'for', 'us', 'mother', 'si']",lots of for us mother si,Positive
[],,Positive
[],,Positive
"['dari', 'banyak', 'pilih', 'paling', 'jatuh', 'hati', 'sama', 'app', 'ini']",dari banyak pilih paling jatuh hati sama app ini,Positive
"['loading', 'splash', 'screennya', 'lama', 'bad', 'experience', 'moga', 'bisa', 'baik', 'lagi']",loading splash screennya lama bad experience moga bisa baik lagi,Negative
[],,Positive
['bagus'],bagus,Positive
['oke'],oke,Positive
"['manfaat', 'banget', 'ini', 'aplikasi']",manfaat banget ini aplikasi,Positive
"['bantu', 'program', 'hamil']",bantu program hamil,Positive
"['aplikasi', 'yang', 'sangat', 'bantu', 'saya', 'untuk', 'tahu', 'kembang', 'janin', 'saya']",aplikasi yang sangat bantu saya untuk tahu kembang janin saya,Positive
"['bagus', 'sekak', 'lah', 'bun']",bagus sekak lah bun,Positive
"['sangat', 'bantu', 'banget', 'mulai', 'hamil', 'sampai', 'baby', 'umur', '5bulan']",sangat bantu banget mulai hamil sampai baby umur 5bulan,Positive
"['suka', 'banget', 'sama', 'aplikasi', 'nya', 'lengkap']",suka banget sama aplikasi nya lengkap,Positive
"['sangat', 'manfaat']",sangat manfaat,Positive
"['salamat', 'at', 'nka', 'sali', 'po', 'ako', 'dito']",salamat at nka sali po ako dito,Positive
"['dari', 'awal', 'hamil', 'sampai', 'lahir', 'masih', 'pakai', 'asi', 'parent']",dari awal hamil sampai lahir masih pakai asi parent,Positive
['nice'],nice,Positive
"['theasianparent', 'sangat', 'bantu', 'para', 'moms']",theasianparent sangat bantu para moms,Positive
[],,Positive
['keren'],keren,Positive
"['sangat', 'beri', 'informasi', 'yang', 'manfaat', 'bagi', 'semua', 'kalang']",sangat beri informasi yang manfaat bagi semua kalang,Positive
"['aplikasi', 'bagus', 'dan', 'sangat', 'bantu']",aplikasi bagus dan sangat bantu,Positive
"['sangat', 'bagus', 'dan', 'manfaat']",sangat bagus dan manfaat,Positive
['bagus'],bagus,Positive
['senang'],senang,Positive
"['sangat', 'baik']",sangat baik,Positive
"['cukup', 'edukasi', 'trimkasih']",cukup edukasi trimkasih,Positive
['nice'],nice,Positive
"['sangat', 'puas', 'dengan', 'apknya', 'sangat', 'bantu']",sangat puas dengan apknya sangat bantu,Positive
"['aplikasi', 'bagus', 'untuk', 'tambah', 'ilmu', 'parenting']",aplikasi bagus untuk tambah ilmu parenting,Positive
"['turut', 'saya', 'aplikasi', 'theasianparent', 'ini', 'paling', 'bagus', 'antara', 'aplikasi', 'hamil', 'yang', 'lain']",turut saya aplikasi theasianparent ini paling bagus antara aplikasi hamil yang lain,Positive
"['good', 'job']",good job,Positive
['rubbish'],rubbish,Negative
['ok'],ok,Neutral
"['suka', 'banget', 'sama', 'aplikasi', 'ini', 'sangat', 'bantu', 'buat', 'para', 'moms']",suka banget sama aplikasi ini sangat bantu buat para moms,Positive
"['sangat', 'bagus', 'dan', 'muas']",sangat bagus dan muas,Positive
"['asianparent', 'buat', 'saya', 'gembira']",asianparent buat saya gembira,Positive
"['aplikasi', 'nya', 'bagus', 'banget', 'untuk', 'mula', 'atau', 'yang', 'baru', 'hamil', 'seperti', 'saya']",aplikasi nya bagus banget untuk mula atau yang baru hamil seperti saya,Positive
"['masih', 'belum', 'lama', 'pakai', 'tapi', 'jauh', 'ini', 'sangat', 'manfaat']",masih belum lama pakai tapi jauh ini sangat manfaat,Positive
"['sangat', 'puas', 'dan', 'bantu']",sangat puas dan bantu,Positive
"['aplikasi', 'nya', 'bagus', 'mirip', 'grup2', 'di', 'facebook']",aplikasi nya bagus mirip grup2 di facebook,Neutral
['lumayan'],lumayan,Neutral
"['makaka', 'baru', 'ako', 'sa', 'pag', 'dadala', 'kok', 'sa', 'asking', 'binubuntis']",makaka baru ako sa pag dadala kok sa asking binubuntis,Positive
"['bagus', 'sekali', 'ini', 'sangat', 'bantu']",bagus sekali ini sangat bantu,Positive
[],,Positive
"['best', 'apps', 'ini', 'boleh', 'dapat', 'mcm2', 'informasi']",best apps ini boleh dapat mcm2 informasi,Positive
['hebat'],hebat,Positive
"['aplikasi', 'sangat', 'bantu', 'untuk', 'tahu', 'kembang', 'calon', 'adik', 'bayi']",aplikasi sangat bantu untuk tahu kembang calon adik bayi,Positive
"['best', 'application', 'ever', 'sangat', 'recommended', 'ini', 'moms']",best application ever sangat recommended ini moms,Positive
"['aplikasi', 'yang', 'guna', 'untuk', 'para', 'bunda', 'dan', 'juga', 'ayah']",aplikasi yang guna untuk para bunda dan juga ayah,Positive
['excellent'],excellent,Positive
"['aplikasi', 'yang', 'mudah', 'kita', 'pantau', 'sehat', 'bayi', 'anak', 'ibu', 'hamil', 'dan', 'keluarga']",aplikasi yang mudah kita pantau sehat bayi anak ibu hamil dan keluarga,Positive
"['sok', 'many', 'rules', 'sok', 'difficult', 'for', 'sharing']",sok many rules sok difficult for sharing,Negative
"['senang', 'banget', 'sama', 'aplikasi', 'teman', 'ibu', 'hamil']",senang banget sama aplikasi teman ibu hamil,Positive
"['sangat', 'bantu', 'gampang', 'cara', 'nya']",sangat bantu gampang cara nya,Positive
"['aplikasi', 'nya', 'bagus', 'banget', 'sangat', 'bantu']",aplikasi nya bagus banget sangat bantu,Positive
['good'],good,Positive
"['jujur', 'ini', 'pertama', 'kali', 'join', 'di', 'teman', 'ibu', 'hamil']",jujur ini pertama kali join di teman ibu hamil,Positive
"['bagus', 'banget', 'untuk', 'emak', 'emak', 'begini']",bagus banget untuk emak emak begini,Positive
"['aplikasi', 'sangat', 'bantu', 'untuk', 'lihat', 'kembang', 'janin']",aplikasi sangat bantu untuk lihat kembang janin,Positive
"['terima', 'kasih', 'teman', 'ibu', 'hamil']",terima kasih teman ibu hamil,Positive
"['hamil', 'baby']",hamil baby,Positive
"['sangat', 'bagus', 'untuk', 'pantau', 'kembang', 'sih', 'kecil']",sangat bagus untuk pantau kembang sih kecil,Positive
"['eror', 'melulu', 'awal', 'ok', 'ok', 'saja', 'ini', 'apakah', 'tapi', 'beberapa', 'hari', 'ini', 'tidak', 'bisa', 'buka']",eror melulu awal ok ok saja ini apakah tapi beberapa hari ini tidak bisa buka,Negative
['nan'],nan,Positive
"['aplikasi', 'yang', 'sangat', 'bantu']",aplikasi yang sangat bantu,Positive
"['ketika', 'ada', 'notifikasi', 'artikel', 'masuk', 'kenapa', 'tidak', 'bisa', 'buka']",ketika ada notifikasi artikel masuk kenapa tidak bisa buka,Negative
"['manfaat', 'sekali', 'aplikasi']",manfaat sekali aplikasi,Positive
"['syukur', 'banget', 'ada', 'aplikasi', 'ini']",syukur banget ada aplikasi ini,Positive
['nan'],nan,Neutral
"['sangat', 'sangat', 'sangat', 'bantu', 'sekali']",sangat sangat sangat bantu sekali,Positive
"['i', 'learn', 'a', 'lot', 'about', 'how', 'to', 'discipline', 'the', 'child']",i learn a lot about how to discipline the child,Positive
['nan'],nan,Positive
"['aplikasi', 'ini', 'sangat', 'manfaat', 'bunda', 'untuk', 'para', 'bunda']",aplikasi ini sangat manfaat bunda untuk para bunda,Positive
"['aplikasi', 'baik', 'yang', 'pernah', 'saya', 'temu']",aplikasi baik yang pernah saya temu,Positive
['nan'],nan,Negative
['nan'],nan,Neutral
"['loading', 'splash', 'screennya', 'lama', 'harus', 'restart', 'handphone', 'dulu', 'baru', 'bisa', 'buka', 'aplikasi', 'kemudian', 'tidak', 'bisa', 'login', 'sama', 'sekali', 'loading', 'terus', 'tidak', 'ada', 'uang', 'respon', 'apa', 'bad', 'experience', 'moga', 'bisa', 'baik', 'lagi', 'terima', 'kasih']",loading splash screennya lama harus restart handphone dulu baru bisa buka aplikasi kemudian tidak bisa login sama sekali loading terus tidak ada uang respon apa bad experience moga bisa baik lagi terima kasih,Negative
['nan'],nan,Negative
['nan'],nan,Negative
"['eror', 'melulu', 'awal', 'ok', 'ok', 'saja', 'ini', 'apakah', 'tapi', 'beberapa', 'hari', 'ini', 'tidak', 'bisa', 'buka', 'sekali', 'buka', 'bahkan', 'yang', 'muncul', 'profil', 'orang', 'lain']",eror melulu awal ok ok saja ini apakah tapi beberapa hari ini tidak bisa buka sekali buka bahkan yang muncul profil orang lain,Negative
"['ketika', 'ada', 'notifikasi', 'artikel', 'masuk', 'kenapa', 'tidak', 'bisa', 'buka', 'bahkan', 'langsung', 'arah', 'ke', 'playstore', 'lagi', 'mohon', 'di', 'baik', 'saya', 'bagai', 'guna', 'juga', 'ingin', 'baca', 'informasi', 'saji', 'yang', 'sekira', 'penting']",ketika ada notifikasi artikel masuk kenapa tidak bisa buka bahkan langsung arah ke playstore lagi mohon di baik saya bagai guna juga ingin baca informasi saji yang sekira penting,Negative
"['apliksi', 'yang', 'bahus']",apliksi yang bahus,Positive
"['tadi', 'nya', 'bisa', 'guna', 'dengan', 'lancar', 'terus', 'sekarang', 'tidak', 'bisa', 'di', 'buka', 'di', 'bilang', 'jaring', 'tapi', 'saya', 'buka', 'aplikasi', 'lain', 'bisa', 'buka', 'youtube', 'lancar', 'tolong', 'dong', 'di', 'baik']",tadi nya bisa guna dengan lancar terus sekarang tidak bisa di buka di bilang jaring tapi saya buka aplikasi lain bisa buka youtube lancar tolong dong di baik,Negative
"['aplikasi', 'sangat', 'bantu', 'kembang', 'janin', 'sehinga', 'tahu', 'kembang', 'janin', 'sudah', 'sampai', 'minggu', 'ke', 'berapa', 'pokok', 'bagus']",aplikasi sangat bantu kembang janin sehinga tahu kembang janin sudah sampai minggu ke berapa pokok bagus,Positive
"['kok', 'makin', 'di', 'baru', 'makin', 'lemaot', 'iya', 'aplikasinyya', 'lama', 'lama', 'jadi', 'malas', 'makenya', 'lebih', 'baik', 'tidak', 'perlu', 'baru', 'deh', 'kalau', 'tidak', 'sanggup', 'dalam', 'kembang', 'aplikasinyya', 'makin', 'jelek', 'saja', 'ini', 'app', 'bikin', 'emosi', 'makenya', 'mana', 'sedikit', 'baru', 'nukan', 'tambah', 'bagus', 'tambah', 'los', 'dan', 'error']",kok makin di baru makin lemaot iya aplikasinyya lama lama jadi malas makenya lebih baik tidak perlu baru deh kalau tidak sanggup dalam kembang aplikasinyya makin jelek saja ini app bikin emosi makenya mana sedikit baru nukan tambah bagus tambah los dan error,Negative
"['kenapa', 'susah', 'sekali', 'mendownload', 'apakah', 'ini']",kenapa susah sekali mendownload apakah ini,Negative
"['padahal', 'bagus', 'suka', 'tapi', 'kenapa', 'sekarang', 'tidak', 'mau', 'baru', 'timelinenya', 'berthan', 'di', '6', 'minggu', 'saja', 'tidak', 'tambah', 'usia', 'kehamilanya', 'jadi', 'ganti', 'aplikasi', 'lain', 'ini']",padahal bagus suka tapi kenapa sekarang tidak mau baru timelinenya berthan di 6 minggu saja tidak tambah usia kehamilanya jadi ganti aplikasi lain ini,Negative
"['moga', 'membabtu']",moga membabtu,Positive
"['benar', 'bagus', 'banges', 'bisa', 'sharing', 'alam', 'komunitas', 'sama', 'mom', 'lain', 'tapi', 'semenjak', 'ganti', 'jadi', 'mode', 'pulih', 'bagi', 'komunitas', 'jadi', 'loading', 'terus', 'puter', 'puter', 'terus', 'bagaimana', 'itu', 'tolong', 'baik']",benar bagus banges bisa sharing alam komunitas sama mom lain tapi semenjak ganti jadi mode pulih bagi komunitas jadi loading terus puter puter terus bagaimana itu tolong baik,Negative
"['kenapa', 'tidak', 'bisa', 'buka', 'aplikasi', 'ini']",kenapa tidak bisa buka aplikasi ini,Negative
"['please', 'provide', '2x4', 'and', '1x4', 'widgets', 'orang', 'make', 'widgets', 'more', 'resizable', 'the', 'widget', 'sometimes', 'does', 'not', 't', 'load', 'properly', 'there', 'are', 'some', 'parts', 'that', 'don', 't', 'appear', 'completely']",please provide 2x4 and 1x4 widgets orang make widgets more resizable the widget sometimes does not t load properly there are some parts that don t appear completely,Neutral
"['saya', 'suka', 'dengan', 'aplksinya']",saya suka dengan aplksinya,Positive
"['bintang', '1', 'pantas', 'sih', 'sedikit', 'sedikit', 'iklan']",bintang 1 pantas sih sedikit sedikit iklan,Negative
['nan'],nan,Positive
"['iklan', 'beuh', 'banyak', 'banget']",iklan beuh banyak banget,Negative
"['ada', 'artikel', 'buka', 'sering', 'bodoh']",ada artikel buka sering bodoh,Negative
"['tidak', 'ada', 'widget']",tidak ada widget,Negative
"['changing', 'my', 'rating', 'to', '3', 'stars', 'until', 'kamu', 'remove', 'anonymous', 'comments', 'it', 'gives', 'horrible', 'people', 'an', 'excuse', 'to', 'be', 'horrible', 'and', 'disrespectful', 'to', 'first', 'time', 'parents', 'who', 'are', 'just', 'asking', 'questions']",changing my rating to 3 stars until kamu remove anonymous comments it gives horrible people an excuse to be horrible and disrespectful to first time parents who are just asking questions,Negative
"['aplikasi', 'bagus', 'benar', 'tapi', 'masih', 'ada', 'bug', 'nya', 'sering', 'keluar', 'sendiri', 'kalau', 'mau', 'lihat', 'komentar', 'di', 'hidden', 'post']",aplikasi bagus benar tapi masih ada bug nya sering keluar sendiri kalau mau lihat komentar di hidden post,Negative
"['ada', 'apa', 'dengan', 'aplikasi', 'kenapa', 'semenjak', 'baru', 'bahkan', 'jadi', 'logout', 'dan', 'semua', 'data', 'jadi', 'hilang', 'dan', 'kacau']",ada apa dengan aplikasi kenapa semenjak baru bahkan jadi logout dan semua data jadi hilang dan kacau,Negative
"['bisa', 'tidak', 'sih', 'hallobumil', 'tingkat', 'fitur', 'yang', 'bisa', 'konsultasi', 'ke', 'dokter', 'tanpa', 'tarif', 'biaya', 'seperti', 'aplikasi', 'belah', 'alodokter']",bisa tidak sih hallobumil tingkat fitur yang bisa konsultasi ke dokter tanpa tarif biaya seperti aplikasi belah alodokter,Neutral
"['loading', 'terus', 'dari', 'pagi']",loading terus dari pagi,Negative
"['aplikasi', 'nya', 'error', 'di', 'handphone', 'saya', 'habis', 'unduh', 'langsung', 'tegang']",aplikasi nya error di handphone saya habis unduh langsung tegang,Negative
"['cukup', 'muas', 'bagi', 'saya']",cukup muas bagi saya,Positive
"['kenapa', 'saat', 'pilih', '3', 'topik', 'favorit', 'saya', 'tidak', 'bisa', 'lanjut']",kenapa saat pilih 3 topik favorit saya tidak bisa lanjut,Negative
"['tiba', 'tiba', 'tidak', 'bisa', 'ke', 'buka', 'dan', 'muncul', 'try', 'again', 'terus', 'terus', 'terus']",tiba tiba tidak bisa ke buka dan muncul try again terus terus terus,Negative
"['ada', 'bug', 'di', 'tambah', 'terang', 'lahir', 'anak', 'di', 'pilih', 'ulang', 'tahun', 'akhir', 'saya', 'cek', 'tanggal', '19', 'januari', 'tambah', 'ulang', 'tahun', 'cuma', 'sampai', '20', 'november', '2024', 'kan', 'harus', 'sampai', 'tanggal', '18', 'atau', '19', 'januari']",ada bug di tambah terang lahir anak di pilih ulang tahun akhir saya cek tanggal 19 januari tambah ulang tahun cuma sampai 20 november 2024 kan harus sampai tanggal 18 atau 19 januari,Negative
"['terlalu', 'sering', 'betul', 'baru']",terlalu sering betul baru,Negative
"['di', 'baru', 'bahkan', 'lambat', 'parah', 'enak', 'versi', 'dulu', 'daripada', 'sekarang', 'foto', 'usg', 'hilang', 'pas', 'masuk', 'bahkan', 'macam', 'error', 'kesal']",di baru bahkan lambat parah enak versi dulu daripada sekarang foto usg hilang pas masuk bahkan macam error kesal,Negative
"['aplikasi', 'tidak', 'jelas', 'suruh', 'login', 'melulu']",aplikasi tidak jelas suruh login melulu,Negative
"['app', 'is', 'sangat', 'useful', 'especially', 'for', 'first', 'time', 'mom', 'si', 'like', 'myself', 'but', 'i', 've', 'been', 'experiencing', 'issues', 'dengan', 'it', 'lately', 'everytime', 'i', 'click', 'on', 'a', 'notification', 'for', 'a', 'certain', 'article', 'it', 'routes', 'me', 'to', 'irrelevant', 'parts', 'of', 'the', 'app', 'e', 'tidak', 'feeding', 'tracker', 'i', 'tried', 'to', 'uninstall', 'install', 'the', 'app', 'but', 'the', 'isu', 'persists', 'i', 'hope', 'this', 'gets', 'fixed', 'cause', 'i', 'really', 'love', 'using', 'it', 'and', 'would', 'be', 'sangat', 'much', 'appreciated', 'if', 'i', 'belum', 'use', 'all', 'the', 'features', 'tanpa', 'having', 'to', 'experience', 'problems']",app is sangat useful especially for first time mom si like myself but i ve been experiencing issues dengan it lately everytime i click on a notification for a certain article it routes me to irrelevant parts of the app e tidak feeding tracker i tried to uninstall install the app but the isu persists i hope this gets fixed cause i really love using it and would be sangat much appreciated if i belum use all the features tanpa having to experience problems,Negative
"['good', 'for', 'momy']",good for momy,Positive
"['yang', 'saya', 'tidak', 'suka', 'kenapa', 'harus', 'terus', 'an', 'baru']",yang saya tidak suka kenapa harus terus an baru,Negative
"['jelek', 'bnaget', 'selalu', 'keluar']",jelek bnaget selalu keluar,Negative
"['aplikasi', 'tidak', 'guna', 'ngabisin', 'kuota', 'doang']",aplikasi tidak guna ngabisin kuota doang,Negative
"['suka', 'baby', 'track', 'yang', 'lama']",suka baby track yang lama,Positive
"['kembali', 'hallobumil', 'yang', 'lama']",kembali hallobumil yang lama,Negative
"['kenapa', 'habis', 'diupdate', 'bahkan', 'tidak', 'bisa', 'pakai', 'selalu', 'ada', 'tulis', 'aduh', 'ada', 'yang', 'salah', 'sila', 'coba', 'lagi', 'padahal', 'mau', 'simpan', 'kick', 'counter', 'jadi', 'tidak', 'bisa', 'kalau', 'diretry', 'mesti', 'tunggu', 'dedek', 'gerak', 'lagi', 'mohon', 'baik', 'lagi', 'aplikasi']",kenapa habis diupdate bahkan tidak bisa pakai selalu ada tulis aduh ada yang salah sila coba lagi padahal mau simpan kick counter jadi tidak bisa kalau diretry mesti tunggu dedek gerak lagi mohon baik lagi aplikasi,Negative
"['kenapa', 'iya', 'tiap', 'saya', 'ikut', 'survei', 'sal', 'kredit', 'vip', 'saya', 'tidak', 'masuk']",kenapa iya tiap saya ikut survei sal kredit vip saya tidak masuk,Negative
"['banyak', 'iklan', 'kurang', 'nyaman', 'karena', 'tiap', 'baca', 'postingan', 'harus', 'tunggu', 'skip', 'iklan']",banyak iklan kurang nyaman karena tiap baca postingan harus tunggu skip iklan,Negative
"['lengkap', 'informasi', 'tiap', 'bulan', 'bagaimana', 'dan', 'apa', 'yang', 'mesti', 'dlakukan', 'atau', 'ceklistnya', 'tambah', 'lagi', 'buat', 'ibu', 'hamil']",lengkap informasi tiap bulan bagaimana dan apa yang mesti dlakukan atau ceklistnya tambah lagi buat ibu hamil,Neutral
"['suruh', 'pilih', '3', 'topik', 'tapi', 'tidak', 'bisa', 'klik', 'selesai', 'kenapa', 'iya', 'jadi', 'begitu', 'terus']",suruh pilih 3 topik tapi tidak bisa klik selesai kenapa iya jadi begitu terus,Negative
"['jadi', 'hilang', 'semua', 'daya']",jadi hilang semua daya,Negative
"['aplikasi', 'tidak', 'benar', 'masak', 'aku', 'hamil', 'sudah', '4', 'bulan', '16', 'minggu', 'pas', 'di', 'apl', 'nya', 'hamil', 'aku', 'sekarang', 'itu', 'jadi', '15', 'minggu', 'aneh']",aplikasi tidak benar masak aku hamil sudah 4 bulan 16 minggu pas di apl nya hamil aku sekarang itu jadi 15 minggu aneh,Negative
"['saya', 'mau', 'baru', 'try', 'again', 'terus', 'saya', 'kira', 'sinyal', 'saya', 'yang', 'tidak', 'bagus', 'tapi', 'aplikasi', 'yang', 'lain', 'masih', 'bisa', 'guna', 'tolong', 'baik']",saya mau baru try again terus saya kira sinyal saya yang tidak bagus tapi aplikasi yang lain masih bisa guna tolong baik,Negative
"['bagus', 'banget']",bagus banget,Positive
"['aplikasi', 'sangat', 'lengkap', 'cuma', 'memori', 'handphone', 'ku', 'penuh']",aplikasi sangat lengkap cuma memori handphone ku penuh,Neutral
['nan'],nan,Neutral
"['bagus', 'apknya', 'tapi', 'tolong', 'kurang', 'notifikasi', 'yang', 'bikin', 'overthingking', 'iya', 'seperti', 'hamil', 'kosong', 'atau', 'hal', 'lain', 'tentang', 'keburu', 'dalam', 'hamil', 'bikin', 'overthinking', 'tahu', 'tidak']",bagus apknya tapi tolong kurang notifikasi yang bikin overthingking iya seperti hamil kosong atau hal lain tentang keburu dalam hamil bikin overthinking tahu tidak,Negative
"['kasih', 'bintang', '3', 'sjh', 'karena', 'turut', 'saya', 'apl', 'kurang', 'lengkap', 'tidak', 'trsedia', 'untuk', 'pasu', 'kembang', 'anak', 'tiap', 'bulan', 'misal', 'bert', 'badan', 'dan', 'tinggi', 'bdannya', 'jadi', 'tidak', 'tahu', 'kembang', 'anak', 'apakah', 'naik', 'atau', 'turun']",kasih bintang 3 sjh karena turut saya apl kurang lengkap tidak trsedia untuk pasu kembang anak tiap bulan misal bert badan dan tinggi bdannya jadi tidak tahu kembang anak apakah naik atau turun,Negative
"['apakah', 'lama', 'tidak', 'bisa', 'di', 'buka']",apakah lama tidak bisa di buka,Negative
"['tidak', 'bisa', 'di', 'unduh']",tidak bisa di unduh,Negative
"['keluar', 'notifikasi', 'tidak', 'bisa', 'masuk', 'karena', 'perangkat', 'telah', 'ter', 'root', 'padahal', 'perangkat', 'saya', 'tidak', 'dalam', 'ada', 'root']",keluar notifikasi tidak bisa masuk karena perangkat telah ter root padahal perangkat saya tidak dalam ada root,Negative
"['baru', '21w', 'sudah', 'error', 'kuota', 'banyak', 'wifi', 'ada', 'bahkan', 'bilang', 'sinyal', 'nya', 'kurang', 'malas', 'kali', 'adalah', 'pakai', 'apakah', 'lain', 'saja']",baru 21w sudah error kuota banyak wifi ada bahkan bilang sinyal nya kurang malas kali adalah pakai apakah lain saja,Negative
"['sangan', 'bantu']",sangan bantu,Positive
"['good', 'app', 'but', 'entering', 'the', 'time', 'in', 'the', 'bottom', 'sheet', 'is', 'super', 'frustrating', 'as', 'when', 'kamu', 'scroll', 'the', 'nomor', 'half', 'of', 'the', 'time', 'the', 'bottom', 'sheet', 'closes']",good app but entering the time in the bottom sheet is super frustrating as when kamu scroll the nomor half of the time the bottom sheet closes,Negative
['bagus'],bagus,Positive
"['kenapa', 'tidak', 'bisa', 'daftar', 'sudah', 'berapa', 'kali', 'daftar', 'tidak', 'bisa']",kenapa tidak bisa daftar sudah berapa kali daftar tidak bisa,Negative
['uh'],uh,Neutral
"['admin', 'tap', 'tidak', 'bijak', 'dan', 'sangat', 'tidak', 'profesional', 'dalam', 'selesai', 'masalah', 'yang', 'ada', 'di', 'aplikasi', 'kena', 'dengan', 'postingan2', 'member', 'tap']",admin tap tidak bijak dan sangat tidak profesional dalam selesai masalah yang ada di aplikasi kena dengan postingan2 member tap,Negative
"['awal', 'unduh', 'lancar', 'terus', 'lambat', 'puol', 'kenapa']",awal unduh lancar terus lambat puol kenapa,Negative
"['tidak', 'bisa', 'pencet', 'baca', 'artikel', 'lain', 'atau', 'baca', 'postingan', 'lain', 'padahal', 'dulu', 'bisa', 'bisa', 'saja', 'sudah', 'diuninstall', 'install', 'ulang', 'sudah', 'juga', 'versi', 'baru', 'tapi', 'tetap', 'tidak', 'bisa', 'aneh', 'dan', 'rugi', 'guna']",tidak bisa pencet baca artikel lain atau baca postingan lain padahal dulu bisa bisa saja sudah diuninstall install ulang sudah juga versi baru tapi tetap tidak bisa aneh dan rugi guna,Negative
"['saya', 'dapat', 'chat', 'via', 'whatsapp', 'tanggal', '10', 'februari', 'kata', 'menang', 'mini', 'kontes', 'hadiah', 'saldo', 'ovo', 'suruh', 'kirim', 'nama', 'dan', 'no', 'ovo', 'sudah', 'saya', 'kirim', 'tapi', 'sampai', 'sekarang', 'tidak', 'ada', 'uang', 'saldo', 'masuk']",saya dapat chat via whatsapp tanggal 10 februari kata menang mini kontes hadiah saldo ovo suruh kirim nama dan no ovo sudah saya kirim tapi sampai sekarang tidak ada uang saldo masuk,Negative
"['baru', 'mau', 'login', 'saja', 'susah', 'banget', 'sudah', 'berhari2', 'tidak', 'bisa']",baru mau login saja susah banget sudah berhari2 tidak bisa,Negative
"['saya', 'kasih', 'bintang', 'tiga', 'dulu', 'iya', 'bun', 'soalny', 'saya', 'baru', 'jadi', 'belum', 'tahu', 'bagai', 'mana', 'apakah', 'ini']",saya kasih bintang tiga dulu iya bun soalny saya baru jadi belum tahu bagai mana apakah ini,Neutral
"['apa', 'happened', 'a', 'try', 'again', 'error', 'always', 'occurs', 'tried', 'to', 'uninstall', 'and', 'reinstall', 'but', 'it', 'won', 't', 'continue', 'to', 'my', 'account', 'it', 'si', 'stuck', 'at', 'the', 'login', 'page']",apa happened a try again error always occurs tried to uninstall and reinstall but it won t continue to my account it si stuck at the login page,Negative
"['apakah', 'nya', 'jadi', 'harus', 'sering', 'di', 'baru']",apakah nya jadi harus sering di baru,Negative
"['saya', 'kecewa', 'banget', 'sama', 'app', 'nya', 'parah', 'di', 'dalam', 'banyak', 'orang', 'orang', 'yang', 'selalu', 'nyinyir', 'padahal', 'saya', 'beri', 'saran', 'tidak', 'buruk', 'buruk', 'amat', 'tapi', 'orang', 'orang', 'nya', 'pada', 'komentar', 'bla', 'bla', 'kata', 'maki', 'begitu', 'ya', 'ampun', 'bikin', 'sakit', 'hati', 'banget', 'tolong', 'dong', 'di', 'maksimalin', 'lagi', 'biar', 'tidak', 'dan', 'komentar', 'ke', 'kalau', 'bisa']",saya kecewa banget sama app nya parah di dalam banyak orang orang yang selalu nyinyir padahal saya beri saran tidak buruk buruk amat tapi orang orang nya pada komentar bla bla kata maki begitu ya ampun bikin sakit hati banget tolong dong di maksimalin lagi biar tidak dan komentar ke kalau bisa,Negative
"['daftar', 'saja', 'ribet', 'tertawa']",daftar saja ribet tertawa,Negative
"['kira', 'aku', 'doang', 'yang', 'tidak', 'bisa', 'di', 'buka', 'apakah', 'nya', 'nyata', 'banyak', 'juga', 'kayak', 'harus', 'ganti', 'apakah', 'karena', 'memang', 'tidak', 'di', 'buka', 'sama', 'sekali', 'padahal', 'sudah', 'baru']",kira aku doang yang tidak bisa di buka apakah nya nyata banyak juga kayak harus ganti apakah karena memang tidak di buka sama sekali padahal sudah baru,Negative
"['telah', 'di', 'baru', 'apakah', 'nya', 'jadi', 'jelek', 'banget', 'langsung', 'saya', 'hapus', 'saja']",telah di baru apakah nya jadi jelek banget langsung saya hapus saja,Negative
"['sedih', 'banget', 'sekarang', 'tap', 'aneh', 'adminnya', 'tidak', 'pernah', 'respon', 'talentnya', 'di', 'grup', 'tele', 'feenya', 'mundur', 'terus', 'hilang', 'percaya', 'kalau', 'mau', 'apply', 'job']",sedih banget sekarang tap aneh adminnya tidak pernah respon talentnya di grup tele feenya mundur terus hilang percaya kalau mau apply job,Negative
"['minta', 'a', 'di', 'baru', 'melulu', 'payah', 'ini']",minta a di baru melulu payah ini,Negative
"['aplikasi', 'apa', 'sih', 'bikin', 'handphone', 'lambat', 'parah']",aplikasi apa sih bikin handphone lambat parah,Negative
"['awal', 'suka', 'sama', 'aplikasi', 'ini', 'tapi', 'kenapa', 'pas', 'di', 'tingkat', 'jadi', 'eror', 'tidak', 'bisa', 'masuk', 'padahal', 'sudah', 'punya', 'akun', 'nya']",awal suka sama aplikasi ini tapi kenapa pas di tingkat jadi eror tidak bisa masuk padahal sudah punya akun nya,Negative
['nan'],nan,Positive
"['bad', 'app', 'kenapa', 'belum', 't', 'i', 'choose', 'the', 'language', 'for', 'myself', 'urgh', 'it', 'si', 'sangat', 'annoying']",bad app kenapa belum t i choose the language for myself urgh it si sangat annoying,Negative
"['kenapa', 'iya', 'saya', 'mau', 'baru', 'vip', 'member', 'selalu', 'tidak', 'bisa', 'instagram', 'saya', 'tidak', 'bisa', 'di', 'baru', 'masih', 'instagram', 'yang', 'lama']",kenapa iya saya mau baru vip member selalu tidak bisa instagram saya tidak bisa di baru masih instagram yang lama,Negative
"['currently', 'have', 'problems', 'to', 'view', 'progress', 'when', 'uninstall', 'and', 'reinstall', 'again', 'can', 'not', 'log', 'in']",currently have problems to view progress when uninstall and reinstall again can not log in,Negative
"['min', 'tanggal', 'posting', 'suruh', 'nyantumin', 'bahkan', 'anonim', 'yang', 'hapus', 'kemarin', 'temu', 'beberapa', 'postingan', 'lama', 'ke', 'up', 'lagi', 'lucu', 'karena', 'sudah', 'tidak', 'relevan', 'lagi']",min tanggal posting suruh nyantumin bahkan anonim yang hapus kemarin temu beberapa postingan lama ke up lagi lucu karena sudah tidak relevan lagi,Negative
['lumayan'],lumayan,Neutral
"['aflikasi', 'nya', 'bagus', 'cuma', 'kadang', 'tidak', 'bisa', 'belanja', 'di', 'baharu', 'terus']",aflikasi nya bagus cuma kadang tidak bisa belanja di baharu terus,Negative
"['kenapa', 'kalau', 'buka', 'beranda', 'sekarang', 'selalu', 'puter', 'iya', 'jadi', 'tambah', 'ribet', 'ini', 'apakah']",kenapa kalau buka beranda sekarang selalu puter iya jadi tambah ribet ini apakah,Negative
"['sangat', 'good', 'terima', 'kasih', 'asianparent', 'sangat', 'bantu']",sangat good terima kasih asianparent sangat bantu,Positive
"['stak', 'tidak', 'bisa', 'masuk', 'mentok', 'masih', 'di', 'awal', 'aplikasi', 'tidak', 'jelas']",stak tidak bisa masuk mentok masih di awal aplikasi tidak jelas,Negative
"['tidak', 'bisa', 'simpan', 'usia', 'hamil', 'padahal', 'sudah', 'positif', 'hamil']",tidak bisa simpan usia hamil padahal sudah positif hamil,Negative
['nan'],nan,Positive
"['aplikasi', 'makin', 'di', 'baru', 'makin', 'ngebug', 'tidak', 'jelas']",aplikasi makin di baru makin ngebug tidak jelas,Negative
"['after', 'the', 'baru', 'the', 'bug', 'is', 'masih', 'there']",after the baru the bug is masih there,Negative
"['makin', 'berat', 'rasa', 'lama', 'banget', 'operasi', 'mau', 'lihat', 'komen', 'di', 'postingan', 'forum', 'orang', 'lain', 'tidak', 'bisa']",makin berat rasa lama banget operasi mau lihat komen di postingan forum orang lain tidak bisa,Negative
"['kenapa', 'sih', 'pas', 'sudah', 'updet', 'susah', 'banget', 'mau', 'lihat', 'notifikasi', 'nya', 'sama', 'susah', 'loading', 'terus', 'padahal', 'belum', 'nya', 'lancar', 'lancar', 'saja']",kenapa sih pas sudah updet susah banget mau lihat notifikasi nya sama susah loading terus padahal belum nya lancar lancar saja,Negative
"['astagfirullah', 'baru', 'mau', 'coba', 'sudah', 'ganggu', 'saja', 'sudah', 'unistal', 'begitu', 'lagi', 'begitu', 'lagi', 'hapus', 'saja', 'akunny', 'mau', 'ambil', 'data', 'doang', 'apa', 'bagaimana', 'shuudzon', 'kan', 'jadi']",astagfirullah baru mau coba sudah ganggu saja sudah unistal begitu lagi begitu lagi hapus saja akunny mau ambil data doang apa bagaimana shuudzon kan jadi,Negative
"['bagaimana', 'cara', 'kita', 'bisa', 'tahu', 'detak', 'jantg', 'janin']",bagaimana cara kita bisa tahu detak jantg janin,Neutral
"['senang', 'bisa', 'pantau', 'tumbang', 'anak', 'dengan', 'pandu', 'dari', 'the', 'asi', 'parents']",senang bisa pantau tumbang anak dengan pandu dari the asi parents,Positive
['nan'],nan,Positive
"['sangat', 'bantu']",sangat bantu,Positive
"['aplikasi', 'bagus']",aplikasi bagus,Positive
"['apps', 'yang', 'senang', 'guna', 'dan', 'mudah', 'difahami']",apps yang senang guna dan mudah difahami,Positive
"['harap', 'semua', 'pertnyaan', 'dan', 'keluh', 'kesahh', 'di', 'beri', 'jawab', 'di', 'sini', 'moga', 'mmbantu', 'khamilan', 'ku', 'saat', 'ini', 'terima', 'kasih', 'diary', 'bunda']",harap semua pertnyaan dan keluh kesahh di beri jawab di sini moga mmbantu khamilan ku saat ini terima kasih diary bunda,Positive
"['helpful', 'for', 'new', 'mom']",helpful for new mom,Positive
['informative'],informative,Positive
"['aplikasi', 'yang', 'sangat', 'bantu', 'ibu', 'hamil', 'catat', 'kembang', 'janin', 'dan', 'usia', 'hamil', 'serta', 'tips', 'dan', 'beberapa', 'produk', 'yang', 'saran', 'untuk', 'ibu', 'hamil', 'dan', 'anak']",aplikasi yang sangat bantu ibu hamil catat kembang janin dan usia hamil serta tips dan beberapa produk yang saran untuk ibu hamil dan anak,Positive
['nan'],nan,Positive
"['informasi', 'baik']",informasi baik,Positive
"['app', 'sangat', 'bantu', 'kami', 'dalam', 'lihat', 'kembang', 'anak', 'kami']",app sangat bantu kami dalam lihat kembang anak kami,Positive
"['teman', 'ibu', 'hamil', 'memang', 'bagus', 'sih', 'suka', 'sama', 'informasi', 'dan', 'give', 'iya']",teman ibu hamil memang bagus sih suka sama informasi dan give iya,Positive
[],,Positive
"['aplikasi', 'yang', 'bagus']",aplikasi yang bagus,Positive
"['aplikasi', 'ini', 'sangat', 'bantu', 'kami', 'terima', 'kasih', 'asianparent']",aplikasi ini sangat bantu kami terima kasih asianparent,Positive
"['ini', 'hamil', 'pertama', 'saya', 'baru', 'coba', 'pakai', 'aplikasi', 'teman', 'ibu', 'hamil', 'dan', 'lagi', 'coba', 'paham', 'fitur', 'fitur', 'dan', 'program', 'yang', 'beri', 'bagus', 'banget', 'di', 'apps', 'ini', 'ada', 'fitur', 'rekam', 'medis', 'buat', 'record', 'kembang', 'hari', 'dari', 'bb', 'dan', 'tekan', 'darah', 'ibu', 'hamil', 'jadi', 'bisa', 'ngontrol', 'dan', 'cek', 'terus', 'amazingly', 'meski', 'aku', 'guna', 'baru', 'iseng', 'iseng', 'beberapa', 'kali', 'ikut', 'kuiz', 'nya', 'dapat', 'hadiah', 'giveawaynya', 'dong', 'alhamdulillah', 'bahagia', 'sekali', 'ibu', 'hamil', 'ini']",ini hamil pertama saya baru coba pakai aplikasi teman ibu hamil dan lagi coba paham fitur fitur dan program yang beri bagus banget di apps ini ada fitur rekam medis buat record kembang hari dari bb dan tekan darah ibu hamil jadi bisa ngontrol dan cek terus amazingly meski aku guna baru iseng iseng beberapa kali ikut kuiz nya dapat hadiah giveawaynya dong alhamdulillah bahagia sekali ibu hamil ini,Positive
[],,Positive
"['sangat', 'bagus']",sangat bagus,Positive
"['baik', 'dan', 'mantap', 'sekali']",baik dan mantap sekali,Positive
['nan'],nan,Negative
"['aplikasi', 'ini', 'bantu', 'bunda2', 'utama', 'saya', 'alam', 'pertama', 'calon', 'ibu']",aplikasi ini bantu bunda2 utama saya alam pertama calon ibu,Positive
"['cukup', 'bantu', 'terima', 'kasih']",cukup bantu terima kasih,Positive
[],,Positive
"['i', 'am', 'a', 'first', 'time', 'mom', 'and', 'i', 'sama', 'sangat', 'excited', 'reading', 'those', 'important', 'information', 'and', 'advices', 'from', 'this', 'app', 't', 'ya', 'sok', 'much']",i am a first time mom and i sama sangat excited reading those important information and advices from this app t ya sok much,Positive
"['sangat', 'bagus']",sangat bagus,Positive
['bagus'],bagus,Positive
['baik'],baik,Positive
"['kenal', 'aplikasi', 'ini', 'bisa', 'hitung', 'minggu', 'hamil']",kenal aplikasi ini bisa hitung minggu hamil,Positive
['nan'],nan,Positive
"['mudah', 'para', 'mama', 'bunda', 'cari', 'solusi', 'dari', 'bagai', 'masalah', 'kena', 'bagai', 'problematika', 'putar', 'asuh', 'anak']",mudah para mama bunda cari solusi dari bagai masalah kena bagai problematika putar asuh anak,Positive
['nan'],nan,Positive
"['bagai', 'new', 'mom', 'banyak', 'banget', 'hal', 'baru', 'yang', 'harus', 'ajar', 'dan', 'perhati', 'buat', 'urus', 'bayi', 'mulai', 'dari', 'dalam', 'kandung', 'sampai', 'bayi', 'lahir', 'dengan', 'sehat', 'apakah', 'ini', 'punya', 'banyak', 'tips', 'dan', 'anjur', 'untuk', 'ibu', 'hamil', 'pantang', 'yang', 'harus', 'hindar', 'dan', 'sebab', 'anjur', 'untuk', 'ibu', 'hamil', 'biar', 'bayi', 'sehat', 'sampai', 'bayi', 'lahir', 'dan', 'tumbuh', 'pantau', 'kapan', 'kita', 'harus', 'khawatir', 'tentang', 'tumbuh', 'anak', 'kita', 'juga', 'bisa', 'sharing', 'dengan', 'para', 'mama', 'bagai', 'macam', 'alam', 'dalam', 'urus', 'anak', 'recomended', 'banget', 'sih', 'buat', 'aku', 'yang', 'new', 'and', 'independent', 'mom']",bagai new mom banyak banget hal baru yang harus ajar dan perhati buat urus bayi mulai dari dalam kandung sampai bayi lahir dengan sehat apakah ini punya banyak tips dan anjur untuk ibu hamil pantang yang harus hindar dan sebab anjur untuk ibu hamil biar bayi sehat sampai bayi lahir dan tumbuh pantau kapan kita harus khawatir tentang tumbuh anak kita juga bisa sharing dengan para mama bagai macam alam dalam urus anak recomended banget sih buat aku yang new and independent mom,Positive
"['sangat', 'bantu', 'sekali']",sangat bantu sekali,Positive
"['i', 'like', 'it']",i like it,Positive
"['alhamdulillah', 'ketemu', 'aplikasi', 'yang', 'selalu', 'baru', 'untuk', 'tambah', 'wawas', 'new', 'mom', 'ini', 'syukur', 'sekali', 'ada', 'teman', 'ibu', 'hamil', 'yang', 'selalu', 'bagi', 'ilmu', 'faedah', 'tentang', 'hamil', 'dan', 'parenting', 'teman', 'dari', 'masa', 'hamil', 'sampai', 'sekarang', 'asuh', 'di', 'bayi']",alhamdulillah ketemu aplikasi yang selalu baru untuk tambah wawas new mom ini syukur sekali ada teman ibu hamil yang selalu bagi ilmu faedah tentang hamil dan parenting teman dari masa hamil sampai sekarang asuh di bayi,Positive
"['tiba', 'tiba', 'aplikasi', 'eror', 'tidak', 'bisa', 'buka', 'di', 'klik', 'saja', 'tidak', 'jadi', 'apa', 'apa']",tiba tiba aplikasi eror tidak bisa buka di klik saja tidak jadi apa apa,Negative
"['buruk', 'sekali', 'not', 'recommended']",buruk sekali not recommended,Negative
"['telah', 'aplikasi', 'di', 'upgare', 'semua', 'data', 'data', 'awal', 'tidak', 'bisa', 'pulih', 'bintang', 'satu', 'ya', 'min', 'he']",telah aplikasi di upgare semua data data awal tidak bisa pulih bintang satu ya min he,Negative
"['pas', 'di', 'baru', 'data', 'data', 'yang', 'belum', 'nya', 'tidak', 'bisa', 'di', 'akses', 'bahkan', 'suruh', 'isi', 'data', 'ulang', 'hpl', 'lenceng', 'jauh', 'minggu', 'nya', 'kacau']",pas di baru data data yang belum nya tidak bisa di akses bahkan suruh isi data ulang hpl lenceng jauh minggu nya kacau,Negative
"['sering', 'logout', 'sendiri', 'koneksi', 'internet', 'padahal', 'bagus']",sering logout sendiri koneksi internet padahal bagus,Negative
"['cari', 'tidak', 'bisa', 'selalu', 'tidak', 'ada', 'topik', 'yang', 'cari']",cari tidak bisa selalu tidak ada topik yang cari,Negative
"['not', 'responding', 'e']",not responding e,Negative
"['sudah', 'ulang', 'kali', 'saya', 'hapus', 'aplikasi', 'ini', 'dan', 'saya', 'unduh', 'lagi', 'kenapa', 'harus', 'masuk', 'pakai', 'akun', 'daftar', 'nya']",sudah ulang kali saya hapus aplikasi ini dan saya unduh lagi kenapa harus masuk pakai akun daftar nya,Negative
"['aplikasi', 'ini', 'sangat', 'bantu', 'ku', 'untuk', 'hitung', 'minggu']",aplikasi ini sangat bantu ku untuk hitung minggu,Positive
"['kok', 'tidak', 'bisa', 'di', 'unduh']",kok tidak bisa di unduh,Negative
"['not', 'bad']",not bad,Neutral
"['aju', 'tanya', 'tidak', 'ada', 'yang', 'jawab', 'tukar', 'point', 'sekarang', '3000', 'lebih', 'pakai', 'ongkos', 'kirim', 'pula', 'beda', 'dari', 'yang', 'dulu', 'orang', 'nya', 'enak', 'hadiah', 'nya', 'tarik']",aju tanya tidak ada yang jawab tukar point sekarang 3000 lebih pakai ongkos kirim pula beda dari yang dulu orang nya enak hadiah nya tarik,Negative
"['makin', 'buruk', 'telah', 'di', 'tingkat', 'data', 'hilang', 'sendiri', 'mesti', 'ulang', 'lagi', 'masuk', 'hpht', 'tingkat', 'tanpa', 'pemberitahuan', 'iya', 'kalau', 'lebih', 'bagus', 'ini', 'adalah', 'bukan', 'tingkat', 'tapi', 'downgrade', 'karena', 'apakah', 'yang', 'baru', 'tidak', 'lebih', 'bagus', 'dari', 'yang', 'lama', 'goodbye', 'iya', 'sudah', 'malas', 'saya', 'pakai', 'apakah', 'ini']",makin buruk telah di tingkat data hilang sendiri mesti ulang lagi masuk hpht tingkat tanpa pemberitahuan iya kalau lebih bagus ini adalah bukan tingkat tapi downgrade karena apakah yang baru tidak lebih bagus dari yang lama goodbye iya sudah malas saya pakai apakah ini,Negative
"['moga', 'dapat', 'bantu', 'saya']",moga dapat bantu saya,Positive
"['sudah', 'di', 'atur', 'bahasa', 'indonesia', 'tapi', 'terang', 'tentang', 'anak', 'kok', 'masih', 'pakai', 'bahasa', 'inggris']",sudah di atur bahasa indonesia tapi terang tentang anak kok masih pakai bahasa inggris,Negative
"['kenapa', 'saya', 'tidak', 'bisa', 'daftarkn', 'akun', 'di', 'halo', 'ibu', 'hamil']",kenapa saya tidak bisa daftarkn akun di halo ibu hamil,Negative
"['kok', 'tidak', 'bisa', 'masuk', 'akun', 'iya', 'sudah', 'ada', 'balas', 'an', 'dari', 'email', 'tapi', 'kok', 'tidak', 'verifikasi', 'terus', 'kenapa', 'iya']",kok tidak bisa masuk akun iya sudah ada balas an dari email tapi kok tidak verifikasi terus kenapa iya,Negative
['nan'],nan,Positive
"['tolong', 'baik', 'aplikasi', 'tidak', 'bisa', 'buka']",tolong baik aplikasi tidak bisa buka,Negative
['suka'],suka,Positive
"['kecewa', 'sih', 'telah', 'baru', 'bahkan', 'seperti', 'begitu', 'aplikasi']",kecewa sih telah baru bahkan seperti begitu aplikasi,Negative
"['kok', 'aku', 'tidak', 'bisa', 'unduh', 'iya', 'sinyal', 'bagus', 'tapi', 'puter', 'terus', 'dari', 'kemarin']",kok aku tidak bisa unduh iya sinyal bagus tapi puter terus dari kemarin,Negative
"['maaf', 'uninstall', 'banyak', 'ribut', 'sama', 'guna', 'terus', 'temu', 'postingan', 'polling', 'dari', 'admin', 'yang', 'tidak', 'banget', 'tidak', 'ada', 'manfaat', 'isi', 'komentar', 'ibu', 'ibu', 'tengkar', 'semua', 'terima', 'kasih', 'sudah', 'tani', 'hari', 'hari', 'lama', '3', 'tahun', 'sekarang', 'tap', 'sudah', 'tidak', 'nyaman', 'tidak', 'kayak', 'dulu']",maaf uninstall banyak ribut sama guna terus temu postingan polling dari admin yang tidak banget tidak ada manfaat isi komentar ibu ibu tengkar semua terima kasih sudah tani hari hari lama 3 tahun sekarang tap sudah tidak nyaman tidak kayak dulu,Negative
"['kenapa', 'tidak', 'bisa', 'di', 'buka', 'iya', 'aplikasi', 'nya', 'kata', 'ada', 'ganggu', 'terus', 'bagaimana', 'ini']",kenapa tidak bisa di buka iya aplikasi nya kata ada ganggu terus bagaimana ini,Negative
"['barusan', 'baru', 'dan', 'aplikasi', 'jadi', 'lama', 'ngebuka', 'nya']",barusan baru dan aplikasi jadi lama ngebuka nya,Negative
"['mau', 'coba', 'untuk', 'konsultasi', 'ke', 'dari', 'obgyn', 'sudah', 'bayar', 'tapi', 'saat', 'mau', 'chat', 'dari', 'nya', 'tidak', 'bisa', 'terus', 'dan', 'aplikasi', 'keluar', 'coba', 'masuk', 'ke', 'aplikasi', 'tapi', 'tetap', 'tidak', 'bisa', 'chat', 'ke', 'dari']",mau coba untuk konsultasi ke dari obgyn sudah bayar tapi saat mau chat dari nya tidak bisa terus dan aplikasi keluar coba masuk ke aplikasi tapi tetap tidak bisa chat ke dari,Negative
['nan'],nan,Positive
"['lumayan', 'sih', 'bisa', 'bantu']",lumayan sih bisa bantu,Positive
"['belum', 'kamu', 'solusi', 'the', 'masalah', 'i', 'belum', 't', 'login', 'dengan', 'facebook', 'anymore', 'i', 'don', 't', 'know', 'apa', 'happened']",belum kamu solusi the masalah i belum t login dengan facebook anymore i don t know apa happened,Negative
"['aplikasi', 'tidak', 'jelas', 'bikin', 'handphone', 'super', 'lambat', 'error']",aplikasi tidak jelas bikin handphone super lambat error,Negative
"['bosan', 'tiap', 'mau', 'buka', 'harus', 'baru', 'dulu', 'ngabisin', 'kuota', 'saja']",bosan tiap mau buka harus baru dulu ngabisin kuota saja,Negative
"['mengapa', 'iya', 'ketika', 'mau', 'buka', 'aplikasi', 'ada', 'terang', 'crash', 'lapor', 'mohon', 'solusi', 'iya', 'belum', 'sempat', 'sudah', 'install', 'di', 'handphone', 'satu', 'bisa', 'dan', 'aplikasi', 'bantu', 'banget', 'mohon', 'solusi', 'iya', 'kenapa', 'kok', 'crash', 'lapor', 'itu', 'terima', 'kasih']",mengapa iya ketika mau buka aplikasi ada terang crash lapor mohon solusi iya belum sempat sudah install di handphone satu bisa dan aplikasi bantu banget mohon solusi iya kenapa kok crash lapor itu terima kasih,Negative
"['telah', 'di', 'baru', 'jadi', 'banyak', 'iklan', 'kalau', 'di', 'back', 'suka', 'bahkan', 'buka', 'ke', 'app', 'toko', 'oren', 'atau', 'toko', 'biru', 'tlong', 'kembali', 'lagi', 'tap', 'yang', 'dulu', 'yang', 'tidak', 'banyak', 'iklan', 'jadi', 'tidak', 'ganggu']",telah di baru jadi banyak iklan kalau di back suka bahkan buka ke app toko oren atau toko biru tlong kembali lagi tap yang dulu yang tidak banyak iklan jadi tidak ganggu,Negative
"['kecewa', 'baru', 'unduh', 'langsung', 'isi', 'data', 'isi', '3', 'yang', 'dsukai', 'tapi', 'tidak', 'bisa', 'klik', 'selanjutny']",kecewa baru unduh langsung isi data isi 3 yang dsukai tapi tidak bisa klik selanjutny,Negative
"['sekali', 'nya', 'komen', 'tinjau', 'melulu', 'padahal', 'komen', 'nya', 'biasa', 'saja', 'bahkan', 'justru', 'beri', 'saran', 'aneh', 'memang']",sekali nya komen tinjau melulu padahal komen nya biasa saja bahkan justru beri saran aneh memang,Negative
"['moga', 'manfaat']",moga manfaat,Positive
"['telah', 'di', 'baru', 'bahkan', 'tidak', 'bisa', 'log', 'in', 'tidak', 'jelas', 'ini']",telah di baru bahkan tidak bisa log in tidak jelas ini,Negative
"['kecewa', 'banget', 'padahal', 'sudah', 'nyaman', 'kenapa', 'harus', 'baru', 'dan', 'harus', 'login', 'lagi']",kecewa banget padahal sudah nyaman kenapa harus baru dan harus login lagi,Negative
"['lah', 'kenapa', 'pakai', 'kuota', 'sih', 'tidak', 'offline', 'kalau', 'kayak', 'begini', 'adalah', 'rugi', 'kuota', 'bahkan', 'boros', 'cepat', 'banget', 'sedot', 'kuota', 'saya', 'paling', 'tidak', 'suka', 'apknya', 'hanya', 'buat', 'rugi', 'konsumen', 'kalau', 'kayak', 'begitu', 'adalah', 'tidak', 'kasih', 'bintang', 'satu', 'saja', 'kalau', 'offline', 'baru', 'deh', '5bintang', 'plus', 'jempol']",lah kenapa pakai kuota sih tidak offline kalau kayak begini adalah rugi kuota bahkan boros cepat banget sedot kuota saya paling tidak suka apknya hanya buat rugi konsumen kalau kayak begitu adalah tidak kasih bintang satu saja kalau offline baru deh 5bintang plus jempol,Negative
"['ini', 'kembang', 'bayi', 'kok', 'tidak', 'sesuai', 'iya', 'sama', 'data', 'yang', 'di', 'masuk', 'bagaimana', 'sih']",ini kembang bayi kok tidak sesuai iya sama data yang di masuk bagaimana sih,Negative
"['tiap', 'buka', 'aplikasi', 'loading', 'terus', 'padahal', 'sinyal', 'bagus', 'begitu', 'kalau', 'di', 'baru', 'stuk', 'diam', 'saja', 'bagus', 'versi', 'yang', 'lama']",tiap buka aplikasi loading terus padahal sinyal bagus begitu kalau di baru stuk diam saja bagus versi yang lama,Negative
"['suka', 'eror', 'sekarang', 'adalah']",suka eror sekarang adalah,Negative
"['that', 'app', 'is', 'the', 'best']",that app is the best,Positive
"['kok', 'sekarang', 'jelas', 'tumbuh', 'kembang', 'anak', 'pakai', 'bahasa', 'inggris', 'semua', 'bagaimana', 'cara', 'nya', 'biar', 'balik', 'lagi', 'ke', 'bahasa', 'indonesia', 'ya']",kok sekarang jelas tumbuh kembang anak pakai bahasa inggris semua bagaimana cara nya biar balik lagi ke bahasa indonesia ya,Negative
"['sangat', 'bagus', 'dan', 'baik', 'untung', 'saya']",sangat bagus dan baik untung saya,Positive
"['mes', 'harus', 'updte', 'terus', 'sok', 'far', 'sok', 'good']",mes harus updte terus sok far sok good,Neutral
"['it', 'si', 'too', 'much', 'for', 'women', 'pregnant', 'and', 'giving', 'birth', 'to', 'a', 'lot', 'of', 'drama', 'especially', 'when', 'she', 'gives', 'birth', 'even', 'though', 'it', 'si', 'just', 'pushing', 'the', 'baby', 'out', 'of', 'the', 'stomach', 'using', 'all', 'the', 'drama', 'it', 'si', 'not', 'strong', 'and', 'the', 'pain', 'feels', 'like', 'i', 'want', 'to', 'dia', 'here', 'let', 'me', 'just', 'replace', 'it', 'at', 'least', 'the', 'pain', 'is', 'just', 'like', 'defecating', 'just', 'v']",it si too much for women pregnant and giving birth to a lot of drama especially when she gives birth even though it si just pushing the baby out of the stomach using all the drama it si not strong and the pain feels like i want to dia here let me just replace it at least the pain is just like defecating just v,Negative
"['sudah', '3hari', 'ini', 'aplikasi', 'tidak', 'bisa', 'di', 'buka', 'sedih', 'banget', 'deh']",sudah 3hari ini aplikasi tidak bisa di buka sedih banget deh,Negative
['slow'],slow,Negative
"['telah', 'baru', 'bahkan', 'banyak', 'yang', 'hilang', 'fotobyang', 'kumpul', 'tidak', 'bisa', 'bagi', 'lagi']",telah baru bahkan banyak yang hilang fotobyang kumpul tidak bisa bagi lagi,Negative
"['sangat', 'kecewa', 'tanggal', 'bulan', 'dan', 'tahun', 'tidak', 'bisa', 'ubah']",sangat kecewa tanggal bulan dan tahun tidak bisa ubah,Negative
"['sangat', 'batu', 'untuk', 'informasi', 'hamil', 'dan', 'kembang', 'calon', 'baby']",sangat batu untuk informasi hamil dan kembang calon baby,Positive
"['aplikasi', 'ini', 'sangat', 'manfaat', 'bagi', 'saya', 'sejak', 'hamil', 'dan', 'sampai', 'lahir', 'pakai', 'aplikasi', 'ini', 'untuk', 'tumbuh', 'kembang', 'anak', 'saya']",aplikasi ini sangat manfaat bagi saya sejak hamil dan sampai lahir pakai aplikasi ini untuk tumbuh kembang anak saya,Positive
"['aplikasi', 'nya', 'tarik', 'artikel2', 'nya', 'bagus', 'bagus']",aplikasi nya tarik artikel2 nya bagus bagus,Positive
"['alhamdulillah', 'aplikasi', 'yang', 'sangat', 'guna', 'bagi', 'ibu', 'hamil', 'apalagi', 'yang', 'hamil', 'anak', 'pertama', 'seperti', 'saya']",alhamdulillah aplikasi yang sangat guna bagi ibu hamil apalagi yang hamil anak pertama seperti saya,Positive
['love'],love,Positive
"['bantu', 'sekali', 'buat', 'mantau', 'kembang', 'sih', 'kecil']",bantu sekali buat mantau kembang sih kecil,Positive
"['bagus', 'informasi']",bagus informasi,Positive
"['from', 'my', '2nd', 'baby', 'until', 'now', 'my', '3rd', 'baby', 'im', 'stick', 'dengan', 'this', 'apps', 'love', 'it']",from my 2nd baby until now my 3rd baby im stick dengan this apps love it,Positive
"['keren', 'moga', 'ke', 'depan', 'lebih', 'baik', 'lagi']",keren moga ke depan lebih baik lagi,Positive
['baik'],baik,Positive
"['aplikasi', 'yang', 'bantu', 'banget', 'dari', 'awal', 'hamil', 'sampai', 'sekarang', 'anak', 'sudah', '8', 'bulan']",aplikasi yang bantu banget dari awal hamil sampai sekarang anak sudah 8 bulan,Positive
"['super', 'useful']",super useful,Positive
"['suka', 'banget', 'aplikasi', 'yang', 'manfaat', 'banget', 'untuk', 'pantau', 'kembang', 'mulai', 'dari', 'ibu', 'hamil', 'anak']",suka banget aplikasi yang manfaat banget untuk pantau kembang mulai dari ibu hamil anak,Positive
"['natututo', 'ako', 'paano', 'maging', 'isang', 'responsible', 'mom']",natututo ako paano maging isang responsible mom,Positive
['nan'],nan,Positive
['nan'],nan,Neutral
"['sangat', 'inspiratif', 'manfaat', 'khusus', 'untuk', 'para', 'moms', 'di', 'indonesia']",sangat inspiratif manfaat khusus untuk para moms di indonesia,Positive
"['sangat', 'manfaat', 'sekali']",sangat manfaat sekali,Positive
['nan'],nan,Positive
['nan'],nan,Positive
['nan'],nan,Positive
['nan'],nan,Positive
"['awesome', 'app', 'sangat', 'accurate', 'information']",awesome app sangat accurate information,Positive
"['aplikasi', 'yang', 'sangat', 'informatif', 'khususny', 'tentang', 'parenting']",aplikasi yang sangat informatif khususny tentang parenting,Positive
"['aplikasi', 'sangat', 'bantu', 'kembang', 'janin', 'sehingga', 'tahu', 'kembang', 'janin', 'sudah', 'sampai', 'minggu', 'ke', 'berapa']",aplikasi sangat bantu kembang janin sehingga tahu kembang janin sudah sampai minggu ke berapa,Positive
"['sangat', 'bantu', 'pantau', 'janin']",sangat bantu pantau janin,Positive
"['sangat', 'good', 'apps', 'for', 'pregnancy']",sangat good apps for pregnancy,Positive
"['bismillahirrahhmanirahim', 'hamil', 'dua', 'ini', 'buat', 'saya', 'antusias']",bismillahirrahhmanirahim hamil dua ini buat saya antusias,Positive
"['banyak', 'informasi', 'dan', 'ilmu', 'yang', 'saya', 'oleh', 'di', 'sini']",banyak informasi dan ilmu yang saya oleh di sini,Positive
"['kenapa', 'sekarang', 'artikel', 'tulis', 'dalam', 'bahasa', 'inggris', 'iya', 'padahal', 'atur', 'bahasa', 'saya', 'sudah', 'bahasa', 'indonesia']",kenapa sekarang artikel tulis dalam bahasa inggris iya padahal atur bahasa saya sudah bahasa indonesia,Negative
"['suka', 'banget', 'sama', 'aplikasi', 'ini', 'love', 'banget', 'deh', 'bantu', 'sekali', 'dapat', 'banyak', 'ilmu']",suka banget sama aplikasi ini love banget deh bantu sekali dapat banyak ilmu,Positive
['nan'],nan,Positive
"['pakai', 'apps', 'teman', 'ibu', 'hamil', 'lama', 'hamil', 'bantu', 'banget']",pakai apps teman ibu hamil lama hamil bantu banget,Positive
"['aplikasi', 'yang', 'bagus']",aplikasi yang bagus,Positive
"['moga', 'depan', 'teman', 'ibu', 'hamil', 'punya', 'pilih', 'untuk', 'misscarriage']",moga depan teman ibu hamil punya pilih untuk misscarriage,Negative
['bagus'],bagus,Positive
"['aplikasi', 'ini', 'sangat', 'bagus', 'dan', 'manfaat']",aplikasi ini sangat bagus dan manfaat,Positive
"['bagus', 'dan', 'edukasi', 'buat', 'ibu', 'seluruh', 'dunia']",bagus dan edukasi buat ibu seluruh dunia,Positive
"['bagus', 'kok', 'cukup', 'bantu']",bagus kok cukup bantu,Positive
['puas'],puas,Positive
['educational'],educational,Positive
['nan'],nan,Positive
"['sangat', 'nice', 'app']",sangat nice app,Positive
"['aplikasi', 'bagus', 'dan', 'mudah', 'di', 'erti']",aplikasi bagus dan mudah di erti,Positive
"['aku', 'ikut', 'gabung', 'di', 'the', 'asianparent', 'tahun', '2020']",aku ikut gabung di the asianparent tahun 2020,Positive
"['selalu', 'pakai', 'akun', 'ini', 'dong', 'dari', 'jaman', 'hamil', 'anak', 'ke', '1', 'dan', 'mau', 'ke', '2']",selalu pakai akun ini dong dari jaman hamil anak ke 1 dan mau ke 2,Positive
"['kok', 'makin', 'di', 'baru', 'makin', 'lambat', 'iya', 'bikin', 'emosi', 'makenya', 'mana', 'sedikit', 'baru']",kok makin di baru makin lambat iya bikin emosi makenya mana sedikit baru,Negative
"['1', 'bulan', 'balik']",1 bulan balik,Neutral
"['malaking', 'tulong', 'sa', 'asawa', 'kok', 'ang', 'app', 'na', 'to']",malaking tulong sa asawa kok ang app na to,Positive
"['aplikasi', 'yang', 'sangat', 'bantu', 'untuk', 'pantau', 'kembang', 'anak', 'yang', 'ada', 'di', 'dalam', 'perut']",aplikasi yang sangat bantu untuk pantau kembang anak yang ada di dalam perut,Positive
['nan'],nan,Negative
"['aplikasi', 'bagus', 'banget']",aplikasi bagus banget,Positive
['nan'],nan,Positive
"['aplikasi', 'yang', 'sangat', 'bantu', 'untuk', 'ibu', 'hamil', 'dan', 'busui']",aplikasi yang sangat bantu untuk ibu hamil dan busui,Positive
"['aplikasi', 'bantu', 'bagi', 'saya', 'yang', 'alami', 'hamil', 'pertama', 'kali']",aplikasi bantu bagi saya yang alami hamil pertama kali,Positive
"['pakai', 'ini', 'sejak', 'awal', 'hamil', 'sampai', 'sekarang', 'baby', 'usia', '5', 'bulan']",pakai ini sejak awal hamil sampai sekarang baby usia 5 bulan,Positive
"['bismillah', 'alhamdulillah', 'bisa', 'temu', 'aplikasi', 'ini', 'bisa', 'sharing', 'informasi', 'putar', 'hamil', 'dan', 'bayi']",bismillah alhamdulillah bisa temu aplikasi ini bisa sharing informasi putar hamil dan bayi,Positive
"['sangat', 'bantu', 'dalam', 'tahu', 'kembang', 'anak', 'dan', 'usia', 'hamil']",sangat bantu dalam tahu kembang anak dan usia hamil,Positive
"['aplikasi', 'yang', 'pakai', 'dari', 'awal', 'program', 'hamil', 'sampai', 'anak', 'sudah', 'umur', '3', 'tahun']",aplikasi yang pakai dari awal program hamil sampai anak sudah umur 3 tahun,Positive
['nan'],nan,Neutral
"['padahal', 'bagus', 'suka', 'tapi', 'kenapa', 'sekarang', 'tidak', 'mau', 'baru', 'timelinenya']",padahal bagus suka tapi kenapa sekarang tidak mau baru timelinenya,Negative
"['aplikasi', 'yang', 'sangat', 'bantu', 'untuk', 'saya', 'bagai', 'ibu', 'anak', '1']",aplikasi yang sangat bantu untuk saya bagai ibu anak 1,Positive
['wow'],wow,Positive
"['moga', 'bantu']",moga bantu,Positive
