"['mentok', 'melulu', 'di', 'pin', 'tiap', 'mau', 'log', 'in', 'tidak', 'bisa', 'masuk', 'terus']"
"['baru', 'mau', 'coba', 'kalau', 'bangus', 'ya', 'tidak', 'kasih', '5']"
"['loading', 'splash', 'screennya', 'lama', 'harus', 'restart', 'handphone', 'dulu', 'baru', 'bisa', 'buka', 'aplikasi', 'kemudian', 'tidak', 'bisa', 'login', 'sama', 'sekali', 'loading', 'terus', 'tidak', 'ada', 'uang', 'respon', 'apa', 'bad', 'experience', 'moga', 'bisa', 'baik', 'lagi', 'terima', 'kasih']"
['rubbish']
"['sok', 'many', 'rules', 'sok', 'difficult', 'for', 'sharing']"
"['eror', 'melulu', 'awal', 'ok', 'ok', 'saja', 'ini', 'apakah', 'tapi', 'beberapa', 'hari', 'ini', 'tidak', 'bisa', 'buka', 'sekali', 'buka', 'bahkan', 'yang', 'muncul', 'profil', 'orang', 'lain']"
"['ketika', 'ada', 'notifikasi', 'artikel', 'masuk', 'kenapa', 'tidak', 'bisa', 'buka', 'bahkan', 'langsung', 'arah', 'ke', 'playstore', 'lagi', 'mohon', 'di', 'baik', 'saya', 'bagai', 'guna', 'juga', 'ingin', 'baca', 'informasi', 'saji', 'yang', 'sekira', 'penting']"
"['apliksi', 'yang', 'bahus']"
"['tadi', 'nya', 'bisa', 'guna', 'dengan', 'lancar', 'terus', 'sekarang', 'tidak', 'bisa', 'di', 'buka', 'di', 'bilang', 'jaring', 'tapi', 'saya', 'buka', 'aplikasi', 'lain', 'bisa', 'buka', 'youtube', 'lancar', 'tolong', 'dong', 'di', 'baik']"
"['aplikasi', 'sangat', 'bantu', 'kembang', 'janin', 'sehinga', 'tahu', 'kembang', 'janin', 'sudah', 'sampai', 'minggu', 'ke', 'berapa', 'pokok', 'bagus']"
"['kok', 'makin', 'di', 'baru', 'makin', 'lemaot', 'iya', 'aplikasinyya', 'lama', 'lama', 'jadi', 'malas', 'makenya', 'lebih', 'baik', 'tidak', 'perlu', 'baru', 'deh', 'kalau', 'tidak', 'sanggup', 'dalam', 'kembang', 'aplikasinyya', 'makin', 'jelek', 'saja', 'ini', 'app', 'bikin', 'emosi', 'makenya', 'mana', 'sedikit', 'baru', 'nukan', 'tambah', 'bagus', 'tambah', 'los', 'dan', 'error']"
"['kenapa', 'susah', 'sekali', 'mendownload', 'apakah', 'ini']"
"['padahal', 'bagus', 'suka', 'tapi', 'kenapa', 'sekarang', 'tidak', 'mau', 'baru', 'timelinenya', 'berthan', 'di', '6', 'minggu', 'saja', 'tidak', 'tambah', 'usia', 'kehamilanya', 'jadi', 'ganti', 'aplikasi', 'lain', 'ini']"
"['moga', 'membabtu']"
"['benar', 'bagus', 'banges', 'bisa', 'sharing', 'alam', 'komunitas', 'sama', 'mom', 'lain', 'tapi', 'semenjak', 'ganti', 'jadi', 'mode', 'pulih', 'bagi', 'komunitas', 'jadi', 'loading', 'terus', 'puter', 'puter', 'terus', 'bagaimana', 'itu', 'tolong', 'baik']"
"['kenapa', 'tidak', 'bisa', 'buka', 'aplikasi', 'ini']"
"['please', 'provide', '2x4', 'and', '1x4', 'widgets', 'orang', 'make', 'widgets', 'more', 'resizable', 'the', 'widget', 'sometimes', 'does', 'not', 't', 'load', 'properly', 'there', 'are', 'some', 'parts', 'that', 'don', 't', 'appear', 'completely']"
"['saya', 'suka', 'dengan', 'aplksinya']"
"['bintang', '1', 'pantas', 'sih', 'sedikit', 'sedikit', 'iklan']"
['bagus']
"['iklan', 'beuh', 'banyak', 'banget']"
"['ada', 'artikel', 'buka', 'sering', 'bodoh']"
"['tidak', 'ada', 'widget']"
"['changing', 'my', 'rating', 'to', '3', 'stars', 'until', 'kamu', 'remove', 'anonymous', 'comments', 'it', 'gives', 'horrible', 'people', 'an', 'excuse', 'to', 'be', 'horrible', 'and', 'disrespectful', 'to', 'first', 'time', 'parents', 'who', 'are', 'just', 'asking', 'questions']"
"['aplikasi', 'bagus', 'benar', 'tapi', 'masih', 'ada', 'bug', 'nya', 'sering', 'keluar', 'sendiri', 'kalau', 'mau', 'lihat', 'komentar', 'di', 'hidden', 'post']"
"['ada', 'apa', 'dengan', 'aplikasi', 'kenapa', 'semenjak', 'baru', 'bahkan', 'jadi', 'logout', 'dan', 'semua', 'data', 'jadi', 'hilang', 'dan', 'kacau']"
"['bisa', 'tidak', 'sih', 'hallobumil', 'tingkat', 'fitur', 'yang', 'bisa', 'konsultasi', 'ke', 'dokter', 'tanpa', 'tarif', 'biaya', 'seperti', 'aplikasi', 'belah', 'alodokter']"
"['loading', 'terus', 'dari', 'pagi']"
"['aplikasi', 'nya', 'error', 'di', 'handphone', 'saya', 'habis', 'unduh', 'langsung', 'tegang']"
"['cukup', 'muas', 'bagi', 'saya']"
"['kenapa', 'saat', 'pilih', '3', 'topik', 'favorit', 'saya', 'tidak', 'bisa', 'lanjut']"
"['tiba', 'tiba', 'tidak', 'bisa', 'ke', 'buka', 'dan', 'muncul', 'try', 'again', 'terus', 'terus', 'terus']"
"['ada', 'bug', 'di', 'tambah', 'terang', 'lahir', 'anak', 'di', 'pilih', 'ulang', 'tahun', 'akhir', 'saya', 'cek', 'tanggal', '19', 'januari', 'tambah', 'ulang', 'tahun', 'cuma', 'sampai', '20', 'november', '2024', 'kan', 'harus', 'sampai', 'tanggal', '18', 'atau', '19', 'januari']"
"['terlalu', 'sering', 'betul', 'baru']"
"['di', 'baru', 'bahkan', 'lambat', 'parah', 'enak', 'versi', 'dulu', 'daripada', 'sekarang', 'foto', 'usg', 'hilang', 'pas', 'masuk', 'bahkan', 'macam', 'error', 'kesal']"
"['aplikasi', 'tidak', 'jelas', 'suruh', 'login', 'melulu']"
"['app', 'is', 'sangat', 'useful', 'especially', 'for', 'first', 'time', 'mom', 'si', 'like', 'myself', 'but', 'i', 've', 'been', 'experiencing', 'issues', 'dengan', 'it', 'lately', 'everytime', 'i', 'click', 'on', 'a', 'notification', 'for', 'a', 'certain', 'article', 'it', 'routes', 'me', 'to', 'irrelevant', 'parts', 'of', 'the', 'app', 'e', 'tidak', 'feeding', 'tracker', 'i', 'tried', 'to', 'uninstall', 'install', 'the', 'app', 'but', 'the', 'isu', 'persists', 'i', 'hope', 'this', 'gets', 'fixed', 'cause', 'i', 'really', 'love', 'using', 'it', 'and', 'would', 'be', 'sangat', 'much', 'appreciated', 'if', 'i', 'belum', 'use', 'all', 'the', 'features', 'tanpa', 'having', 'to', 'experience', 'problems']"
"['good', 'for', 'momy']"
"['yang', 'saya', 'tidak', 'suka', 'kenapa', 'harus', 'terus', 'an', 'baru']"
"['jelek', 'bnaget', 'selalu', 'keluar']"
"['aplikasi', 'tidak', 'guna', 'ngabisin', 'kuota', 'doang']"
"['suka', 'baby', 'track', 'yang', 'lama']"
"['kembali', 'hallobumil', 'yang', 'lama']"
"['kenapa', 'habis', 'diupdate', 'bahkan', 'tidak', 'bisa', 'pakai', 'selalu', 'ada', 'tulis', 'aduh', 'ada', 'yang', 'salah', 'sila', 'coba', 'lagi', 'padahal', 'mau', 'simpan', 'kick', 'counter', 'jadi', 'tidak', 'bisa', 'kalau', 'diretry', 'mesti', 'tunggu', 'dedek', 'gerak', 'lagi', 'mohon', 'baik', 'lagi', 'aplikasi']"
"['kenapa', 'iya', 'tiap', 'saya', 'ikut', 'survei', 'sal', 'kredit', 'vip', 'saya', 'tidak', 'masuk']"
"['banyak', 'iklan', 'kurang', 'nyaman', 'karena', 'tiap', 'baca', 'postingan', 'harus', 'tunggu', 'skip', 'iklan']"
"['lengkap', 'informasi', 'tiap', 'bulan', 'bagaimana', 'dan', 'apa', 'yang', 'mesti', 'dlakukan', 'atau', 'ceklistnya', 'tambah', 'lagi', 'buat', 'ibu', 'hamil']"
"['suruh', 'pilih', '3', 'topik', 'tapi', 'tidak', 'bisa', 'klik', 'selesai', 'kenapa', 'iya', 'jadi', 'begitu', 'terus']"
"['jadi', 'hilang', 'semua', 'daya']"
"['aplikasi', 'tidak', 'benar', 'masak', 'aku', 'hamil', 'sudah', '4', 'bulan', '16', 'minggu', 'pas', 'di', 'apl', 'nya', 'hamil', 'aku', 'sekarang', 'itu', 'jadi', '15', 'minggu', 'aneh']"
"['saya', 'mau', 'baru', 'try', 'again', 'terus', 'saya', 'kira', 'sinyal', 'saya', 'yang', 'tidak', 'bagus', 'tapi', 'aplikasi', 'yang', 'lain', 'masih', 'bisa', 'guna', 'tolong', 'baik']"
"['bagus', 'banget']"
"['aplikasi', 'sangat', 'lengkap', 'cuma', 'memori', 'handphone', 'ku', 'penuh']"
['ok']
"['bagus', 'apknya', 'tapi', 'tolong', 'kurang', 'notifikasi', 'yang', 'bikin', 'overthingking', 'iya', 'seperti', 'hamil', 'kosong', 'atau', 'hal', 'lain', 'tentang', 'keburu', 'dalam', 'hamil', 'bikin', 'overthingking', 'tahu', 'tidak']"
"['kasih', 'bintang', '3', 'sjh', 'karena', 'turut', 'saya', 'apl', 'kurang', 'lengkap', 'tidak', 'trsedia', 'untuk', 'pasu', 'kembang', 'anak', 'tiap', 'bulan', 'misal', 'bert', 'badan', 'dan', 'tinggi', 'bdannya', 'jadi', 'tidak', 'tahu', 'kembang', 'anak', 'apakah', 'naik', 'atau', 'turun']"
"['apakah', 'lama', 'tidak', 'bisa', 'di', 'buka']"
"['tidak', 'bisa', 'di', 'unduh']"
"['keluar', 'notifikasi', 'tidak', 'bisa', 'masuk', 'karena', 'perangkat', 'telah', 'ter', 'root', 'padahal', 'perangkat', 'saya', 'tidak', 'dalam', 'ada', 'root']"
"['baru', '21w', 'sudah', 'error', 'kuota', 'banyak', 'wifi', 'ada', 'bahkan', 'bilang', 'sinyal', 'nya', 'kurang', 'malas', 'kali', 'adalah', 'pakai', 'apakah', 'lain', 'saja']"
"['sangan', 'bantu']"
"['good', 'app', 'but', 'entering', 'the', 'time', 'in', 'the', 'bottom', 'sheet', 'is', 'super', 'frustrating', 'as', 'when', 'kamu', 'scroll', 'the', 'nomor', 'half', 'of', 'the', 'time', 'the', 'bottom', 'sheet', 'closes']"
['bagus']
"['kenapa', 'tidak', 'bisa', 'daftar', 'sudah', 'berapa', 'kali', 'daftar', 'tidak', 'bisa']"
['uh']
"['admin', 'tap', 'tidak', 'bijak', 'dan', 'sangat', 'tidak', 'profesional', 'dalam', 'selesai', 'masalah', 'yang', 'ada', 'di', 'aplikasi', 'kena', 'dengan', 'postingan2', 'member', 'tap']"
"['awal', 'unduh', 'lancar', 'terus', 'lambat', 'puol', 'kenapa']"
"['tidak', 'bisa', 'pencet', 'baca', 'artikel', 'lain', 'atau', 'baca', 'postingan', 'lain', 'padahal', 'dulu', 'bisa', 'bisa', 'saja', 'sudah', 'diuninstall', 'install', 'ulang', 'sudah', 'juga', 'versi', 'baru', 'tapi', 'tetap', 'tidak', 'bisa', 'aneh', 'dan', 'rugi', 'guna']"
"['saya', 'dapat', 'chat', 'via', 'whatsapp', 'tanggal', '10', 'februari', 'kata', 'menang', 'mini', 'kontes', 'hadiah', 'saldo', 'ovo', 'suruh', 'kirim', 'nama', 'dan', 'no', 'ovo', 'sudah', 'saya', 'kirim', 'tapi', 'sampai', 'sekarang', 'tidak', 'ada', 'uang', 'saldo', 'masuk']"
"['baru', 'mau', 'login', 'saja', 'susah', 'banget', 'sudah', 'berhari2', 'tidak', 'bisa']"
"['saya', 'kasih', 'bintang', 'tiga', 'dulu', 'iya', 'bun', 'soalny', 'saya', 'baru', 'jadi', 'belum', 'tahu', 'bagai', 'mana', 'apakah', 'ini']"
"['apa', 'happened', 'a', 'try', 'again', 'error', 'always', 'occurs', 'tried', 'to', 'uninstall', 'and', 'reinstall', 'but', 'it', 'won', 't', 'continue', 'to', 'my', 'account', 'it', 'si', 'stuck', 'at', 'the', 'login', 'page']"
"['apakah', 'nya', 'jadi', 'harus', 'sering', 'di', 'baru']"
"['saya', 'kecewa', 'banget', 'sama', 'app', 'nya', 'parah', 'di', 'dalam', 'banyak', 'orang', 'orang', 'yang', 'selalu', 'nyinyir', 'padahal', 'saya', 'beri', 'saran', 'tidak', 'buruk', 'buruk', 'amat', 'tapi', 'orang', 'orang', 'nya', 'pada', 'komentar', 'bla', 'bla', 'kata', 'maki', 'begitu', 'ya', 'ampun', 'bikin', 'sakit', 'hati', 'banget', 'tolong', 'dong', 'di', 'maksimalin', 'lagi', 'biar', 'tidak', 'dan', 'komentar', 'ke', 'kalau', 'bisa']"
"['daftar', 'saja', 'ribet', 'tertawa']"
"['kira', 'aku', 'doang', 'yang', 'tidak', 'bisa', 'di', 'buka', 'apakah', 'nya', 'nyata', 'banyak', 'juga', 'kayak', 'harus', 'ganti', 'apakah', 'karena', 'memang', 'tidak', 'di', 'buka', 'sama', 'sekali', 'padahal', 'sudah', 'baru']"
"['telah', 'di', 'baru', 'apakah', 'nya', 'jadi', 'jelek', 'banget', 'langsung', 'saya', 'hapus', 'saja']"
"['sedih', 'banget', 'sekarang', 'tap', 'aneh', 'adminnya', 'tidak', 'ernah', 'respon', 'talentnya', 'grup', 'tele', 'feenya', 'mundur', 'terus', 'hilang', 'percaya', 'kalau', 'mau', 'apply', 'job']"
"['minta', 'a', 'di', 'baru', 'melulu', 'payah', 'ini']"
"['aplikasi', 'apa', 'sih', 'bikin', 'handphone', 'lambat', 'parah']"
"['awal', 'suka', 'sama', 'aplikasi', 'ini', 'tapi', 'kenapa', 'pas', 'di', 'tingkat', 'jadi', 'eror', 'tidak', 'bisa', 'masuk', 'padahal', 'sudah', 'punya', 'akun', 'nya']"
"['bad', 'app', 'kenapa', 'belum', 't', 'i', 'choose', 'the', 'language', 'for', 'myself', 'urgh', 'it', 'si', 'sangat', 'annoying']"
"['kenapa', 'iya', 'saya', 'mau', 'baru', 'vip', 'member', 'selalu', 'tidak', 'bisa', 'instagram', 'saya', 'tidak', 'bisa', 'di', 'baru', 'masih', 'instagram', 'yang', 'lama']"
"['currently', 'have', 'problems', 'to', 'view', 'progress', 'when', 'uninstall', 'and', 'reinstall', 'again', 'can', 'not', 'log', 'in']"
"['min', 'tanggal', 'posting', 'suruh', 'nyantumin', 'bahkan', 'anonim', 'yang', 'hapus', 'kemarin', 'temu', 'beberapa', 'postingan', 'lama', 'ke', 'up', 'lagi', 'lucu', 'karena', 'sudah', 'tidak', 'relevan', 'lagi']"
['lumayan']
"['aflikasi', 'nya', 'bagus', 'cuma', 'kadang', 'tidak', 'bisa', 'belanja', 'di', 'baharu', 'terus']"
"['kenapa', 'kalau', 'buka', 'beranda', 'sekarang', 'selalu', 'puter', 'iya', 'jadi', 'tambah', 'ribet', 'ini', 'apakah']"
"['sangat', 'good', 'terima', 'kasih', 'asianparent', 'sangat', 'bantu']"
"['stak', 'tidak', 'bisa', 'masuk', 'mentok', 'masih', 'di', 'awal', 'aplikasi', 'tidak', 'jelas']"
"['tidak', 'bisa', 'simpan', 'usia', 'hamil', 'padahal', 'sudah', 'positif', 'hamil']"
['good']
"['aplikasi', 'makin', 'di', 'baru', 'makin', 'ngebug', 'tidak', 'jelas']"
"['after', 'the', 'baru', 'the', 'bug', 'is', 'masih', 'there']"
"['makin', 'berat', 'rasa', 'lama', 'banget', 'operasi', 'mau', 'lihat', 'komen', 'di', 'postingan', 'forum', 'orang', 'lain', 'tidak', 'bisa']"
"['kenapa', 'sih', 'pas', 'sudah', 'updet', 'susah', 'banget', 'mau', 'lihat', 'notifikasi', 'nya', 'sama', 'susah', 'loading', 'terus', 'padahal', 'belum', 'nya', 'lancar', 'lancar', 'saja']"
"['astagfirullah', 'baru', 'mau', 'coba', 'sudah', 'ganggu', 'saja', 'sudah', 'unistal', 'begitu', 'lagi', 'begitu', 'lagi', 'hapus', 'saja', 'akunny', 'mau', 'ambil', 'data', 'doang', 'apa', 'bagaimana', 'shuudzon', 'kan', 'jadi']"
"['bagaimana', 'cara', 'kita', 'bisa', 'tahu', 'detak', 'jantg', 'janin']"
"['tiba', 'tiba', 'aplikasi', 'eror', 'tidak', 'bisa', 'buka', 'di', 'klik', 'saja', 'tidak', 'jadi', 'apa', 'apa']"
"['buruk', 'sekali', 'not', 'recommended']"
"['telah', 'aplikasi', 'di', 'upgare', 'semua', 'data', 'data', 'awal', 'tidak', 'bisa', 'pulih', 'bintang', 'satu', 'ya', 'min', 'he']"
"['pas', 'di', 'baru', 'data', 'data', 'yang', 'belum', 'nya', 'tidak', 'bisa', 'di', 'akses', 'bahkan', 'suruh', 'isi', 'data', 'ulang', 'hpl', 'lenceng', 'jauh', 'minggu', 'nya', 'kacau']"
"['sering', 'logout', 'sendiri', 'koneksi', 'internet', 'padahal', 'bagus']"
"['cari', 'tidak', 'bisa', 'selalu', 'tidak', 'ada', 'topik', 'yang', 'cari']"
"['not', 'responding', 'e']"
"['sudah', 'ulang', 'kali', 'saya', 'hapus', 'aplikasi', 'ini', 'dan', 'saya', 'unduh', 'lagi', 'kenapa', 'harus', 'masuk', 'pakai', 'akun', 'daftar', 'nya']"
"['aplikasi', 'ini', 'sangat', 'bantu', 'ku', 'untuk', 'hitung', 'minggu']"
"['kok', 'tidak', 'bisa', 'di', 'unduh']"
"['not', 'bad']"
"['aju', 'tanya', 'tidak', 'ada', 'yang', 'jawab', 'tukar', 'point', 'sekarang', '3000', 'lebih', 'pakai', 'ongkos', 'kirim', 'pula', 'beda', 'dari', 'yang', 'dulu', 'orang', 'nya', 'enak', 'hadiah', 'nya', 'tarik']"
"['makin', 'buruk', 'telah', 'di', 'tingkat', 'data', 'hilang', 'sendiri', 'mesti', 'ulang', 'lagi', 'masuk', 'hpht', 'tingkat', 'tanpa', 'pemberitahuan', 'iya', 'kalau', 'lebih', 'bagus', 'ini', 'adalah', 'bukan', 'tingkat', 'tapi', 'downgrade', 'karena', 'apakah', 'yang', 'baru', 'tidak', 'lebih', 'bagus', 'dari', 'yang', 'lama', 'goodbye', 'iya', 'sudah', 'malas', 'saya', 'pakai', 'apakah', 'ini']"
"['moga', 'dapat', 'bantu', 'saya']"
"['sudah', 'di', 'atur', 'bahasa', 'indonesia', 'tapi', 'terang', 'tentang', 'anak', 'kok', 'masih', 'pakai', 'bahasa', 'inggris']"
"['kenapa', 'saya', 'tidak', 'bisa', 'daftarkn', 'akun', 'di', 'halo', 'ibu', 'hamil']"
"['kok', 'tidak', 'bisa', 'masuk', 'akun', 'iya', 'sudah', 'ada', 'balas', 'an', 'dari', 'email', 'tapi', 'kok', 'tidak', 'verifikasi', 'terus', 'kenapa', 'iya']"
"['tolong', 'baik', 'aplikasi', 'tidak', 'bisa', 'buka']"
['suka']
"['kecewa', 'sih', 'telah', 'baru', 'bahkan', 'seperti', 'begitu', 'aplikasi']"
"['kok', 'aku', 'tidak', 'bisa', 'unduh', 'iya', 'sinyal', 'bagus', 'tapi', 'puter', 'terus', 'dari', 'kemarin']"
"['maaf', 'uninstall', 'banyak', 'ribut', 'sama', 'guna', 'terus', 'temu', 'postingan', 'polling', 'dari', 'admin', 'yang', 'tidak', 'banget', 'tidak', 'ada', 'manfaat', 'isi', 'komentar', 'ibu', 'ibu', 'tengkar', 'semua', 'terima', 'kasih', 'sudah', 'tani', 'hari', 'hari', 'lama', '3', 'tahun', 'sekarang', 'tap', 'sudah', 'tidak', 'nyaman', 'tidak', 'kayak', 'dulu']"
"['kenapa', 'tidak', 'bisa', 'di', 'buka', 'iya', 'aplikasi', 'nya', 'kata', 'ada', 'ganggu', 'terus', 'bagaimana', 'ini']"
"['barusan', 'baru', 'dan', 'aplikasi', 'jadi', 'lama', 'ngebuka', 'nya']"
"['mau', 'coba', 'untuk', 'konsultasi', 'ke', 'dari', 'obgyn', 'sudah', 'bayar', 'tapi', 'saat', 'mau', 'chat', 'dari', 'nya', 'tidak', 'bisa', 'terus', 'dan', 'aplikasi', 'keluar', 'coba', 'masuk', 'ke', 'aplikasi', 'tapi', 'tetap', 'tidak', 'bisa', 'chat', 'ke', 'dari']"
"['sangat', 'bantu']"
"['lumayan', 'sih', 'bisa', 'bantu']"
"['belum', 'kamu', 'solusi', 'the', 'masalah', 'i', 'belum', 't', 'login', 'dengan', 'facebook', 'anymore', 'i', 'don', 't', 'know', 'apa', 'happened']"
"['aplikasi', 'tidak', 'jelas', 'bikin', 'handphone', 'super', 'lambat', 'error']"
"['bosan', 'tiap', 'mau', 'buka', 'harus', 'baru', 'dulu', 'ngabisin', 'kuota', 'saja']"
"['mengapa', 'iya', 'ketika', 'mau', 'buka', 'aplikasi', 'ada', 'terang', 'crash', 'lapor', 'mohon', 'solusi', 'iya', 'belum', 'sempat', 'sudah', 'install', 'di', 'handphone', 'satu', 'bisa', 'dan', 'aplikasi', 'bantu', 'banget', 'mohon', 'solusi', 'iya', 'kenapa', 'kok', 'crash', 'lapor', 'itu', 'terima', 'kasih']"
"['telah', 'di', 'baru', 'jadi', 'banyak', 'iklan', 'kalau', 'di', 'back', 'suka', 'bahkan', 'buka', 'ke', 'app', 'toko', 'oren', 'atau', 'toko', 'biru', 'tlong', 'kembali', 'lagi', 'tap', 'yang', 'dulu', 'yang', 'tidak', 'banyak', 'iklan', 'jadi', 'tidak', 'ganggu']"
"['kecewa', 'baru', 'unduh', 'langsung', 'isi', 'data', 'isi', '3', 'yang', 'dsukai', 'tapi', 'tidak', 'bisa', 'klik', 'selanjutny']"
"['sekali', 'nya', 'komen', 'tinjau', 'melulu', 'padahal', 'komen', 'nya', 'biasa', 'saja', 'bahkan', 'justru', 'beri', 'saran', 'aneh', 'memang']"
"['moga', 'manfaat']"
"['telah', 'di', 'baru', 'bahkan', 'tidak', 'bisa', 'log', 'in', 'tidak', 'jelas', 'ini']"
"['kecewa', 'banget', 'padahal', 'sudah', 'nyaman', 'kenapa', 'harus', 'baru', 'dan', 'harus', 'login', 'lagi']"
"['lah', 'kenapa', 'pakai', 'kuota', 'sih', 'tidak', 'offline', 'kalau', 'kayak', 'begini', 'adalah', 'rugi', 'kuota', 'bahkan', 'boros', 'cepat', 'banget', 'sedot', 'kuota', 'saya', 'paling', 'tidak', 'suka', 'apknya', 'hanya', 'buat', 'rugi', 'konsumen', 'kalau', 'kayak', 'begitu', 'adalah', 'tidak', 'kasih', 'bintang', 'satu', 'saja', 'kalau', 'offline', 'baru', 'deh', '5bintang', 'plus', 'jempol']"
"['ini', 'kembang', 'bayi', 'kok', 'tidak', 'sesuai', 'iya', 'sama', 'data', 'yang', 'di', 'masuk', 'bagaimana', 'sih']"
"['tiap', 'buka', 'aplikasi', 'loading', 'terus', 'padahal', 'sinyal', 'bagus', 'begitu', 'kalau', 'di', 'baru', 'stuk', 'diam', 'saja', 'bagus', 'versi', 'yang', 'lama']"
"['suka', 'eror', 'sekarang', 'adalah']"
"['that', 'app', 'is', 'the', 'best']"
"['kok', 'sekarang', 'jelas', 'tumbuh', 'kembang', 'anak', 'pakai', 'bahasa', 'inggris', 'semua', 'bagaimana', 'cara', 'nya', 'biar', 'balik', 'lagi', 'ke', 'bahasa', 'indonesia', 'ya']"
"['sangat', 'bagus', 'dan', 'baik', 'untung', 'saya']"
"['mes', 'harus', 'updte', 'terus', 'sok', 'far', 'sok', 'good']"
"['it', 'si', 'too', 'much', 'for', 'women', 'pregnant', 'and', 'giving', 'birth', 'to', 'a', 'lot', 'of', 'drama', 'especially', 'when', 'she', 'gives', 'birth', 'even', 'though', 'it', 'si', 'just', 'pushing', 'the', 'baby', 'out', 'of', 'the', 'stomach', 'using', 'all', 'the', 'drama', 'it', 'si', 'not', 'strong', 'and', 'the', 'pain', 'feels', 'like', 'i', 'want', 'to', 'dia', 'here', 'let', 'me', 'just', 'replace', 'it', 'at', 'least', 'the', 'pain', 'is', 'just', 'like', 'defecating', 'just', 'v']"
"['sudah', '3hari', 'ini', 'aplikasi', 'tidak', 'bisa', 'di', 'buka', 'sedih', 'banget', 'deh']"
['slow']
"['telah', 'baru', 'bahkan', 'banyak', 'yang', 'hilang', 'fotobyang', 'kumpul', 'tidak', 'bisa', 'bagi', 'lagi']"
"['sangat', 'kecewa', 'tanggal', 'bulan', 'dan', 'tahun', 'tidak', 'bisa', 'ubah']"
['c']
"['good', 'application', 'to', 'get', 'some', 'information']"
"['baru', 'mau', 'mendownload', 'moga', 'hasil', 'sudah', '5', 'bulan', 'meni', 'belum', 'dapat', '2', 'garis']"
"['it', 'is', 'sangat', 'educative', 'although', 'i', 'have', 'tried', 'asking', 'questions', 'through', 'the', 'post', 'provided', 'but', 'no', 'one', 'provides', 'the', 'answers', 'sok', 'annoying', 'efforts', 'should', 'be', 'made', 'in', 'answering', 'worried', 'questions', 'terima', 'kasih']"
"['bulan', 'kemarin', 'baru', 'isi', 'hpht', 'sudah', 'gantung', 'banget', 'jadwal', 'pakai', 'aplikasi', 'ini', 'tb2', 'minta', 'login', 'ulang', 'terus', 'mulai', 'program', 'dari', 'awal', 'mana', 'lupa', 'tanggal', 'sumpah', 'wasting', 'time']"
"['bagus', 'sih', 'tapi', 'pas', 'posting', 'tanya', 'jawab', 'eror', 'terus', 'tidak', 'bisa', 'posting', 'herman']"
"['tidak', 'bisa', 'buka', 'telah', 'di', 'instal']"
['penting']
"['aplikasi', 'tidak', 'bisa', 'di', 'buka', 'komplain', 'di', 'email', 'tidak', 'ada', 'balas', 'atau', 'bantu', 'padahal', 'lama', 'hamil', 'kemarin', 'aplikasi', 'ini', 'bagus', 'banget', 'sekarang', 'aplikasi', 'cacat']"
"['kenapa', 'simulasi', 'gambar', 'janin', 'tidak', 'muncul', 'padahal', 'biasa', 'muncul', 'sudah', 'log', 'out', 'dan', 'log', 'in', 'kembali', 'masih', 'tetap', 'sudah', 'uninstal', 'masih', 'tetap', 'juga', 'sudah', 'email', 'tapi', 'tidak', 'ada', 'balas', 'tolong', 'responnya', 'iya', 'min']"
"['quite', 'useful', 'informative', 'for', 'mom', 'to', 'be', 'like', 'me', 'but', 'there', 'are', '3', 'pikir', 'i', 'dislike', 'hope', 'there', 'would', 'be', 'an', 'improvement', '1', 'community', 'tab', 'which', 'i', 'didn', 't', 'find', 'it', 'sangat', 'useful', 'often', 'found', 'people', 'asks', 'talks', 'about', 'uncomfortable', 'topics', 'famili', 'problems', 'there', 'are', 'also', 'inappropriate', 'judgmental', 'answers', 'which', 'tends', 'to', 'bring', 'negativity', 'unpleasant', 'experience', '2', 'in', 'app', 'iklan', 'the', 'size', 'of', 'it', 'quite', 'disturbing', '3', 'many', 'articles', 'dengan', 'negative', 'and', 'unsettling', 'titles', 'negtv', 'kata', 'not', 'always', 'works', 'better']"
"['kok', 'istri', 'gue', 'tidak', 'bisa', 'hamil']"
"['kenapa', 'aplikasi', 'tidak', 'bisa', 'di', 'buka', 'lagi', 'iya', 'padahal', 'sangat', 'bantu', 'tapi', 'kok', 'eror', 'terus', 'kira', 'sinyal', 'yang', 'eror', 'tenyta', 'memang', 'tidak', 'bisa', 'di', 'buka', 'loding', 'terus']"
"['aplikasi', 'ibu', 'hamil', 'memang', 'bantu', 'sekali', 'dan', 'ada', 'grup', 'yang', 'bisa', 'mensharing', 'tapi', 'sangat', 'sayang', 'karena', 'admin', 'nya', 'sangat', 'tidak', 'sopan', 'tidak', 'netral', 'kes', 'arogan', 'ini', 'cara', 'ngerekrut', 'nya', 'bagaimana', 'sih', 'harus', 'kalau', 'memang', 'tidak', 'bisa', 'kelola', 'emosi', 'jangan', 'jadi', 'admin', 'tolong', 'bijaksana', 'human', 'resources', 'departement', 'nya', 'tidak', 'becus']"
"['sudah', 'bagus', 'banget', 'sih', 'aplikasi', 'saagat', 'bantu', 'tapi', 'kalau', 'boleh', 'usul', 'tambah', 'fitur', 'untuk', 'hitung', 'kontraksi', 'salin']"
"['terima', 'kasih', 'aplksihnya', 'bantu']"
['ribet']
"['kenapa', 'sekarang', 'aplikasi', 'nya', 'jelek', 'banget', 'tiap', 'kali', 'buka', 'aplikasi', 'suruh', 'tunggu', 'terus']"
"['sesal', 'banget', 'unduh', 'tidak', 'bisa', 'login', 'ada', 'lapor', 'ganggu', 'koneksi', 'tapi', 'aplikasi', 'lain', 'lancar', 'banget', 'kan', 'aneh']"
"['telah', 'di', 'tingkat', 'kok', 'aplikasi', 'nya', 'makin', 'rumit', 'terus', 'semua', 'data', 'bb', 'juga', 'hilang', 'ini', 'bagaimana', 'iya', 'enak', 'yang', 'kemaren', 'belum', 'tingkat', 'bisa', 'di', 'paham', 'dengan', 'mudah', 'terus', 'tampil', 'nya', 'tidak', 'ribet']"
"['bintang', '1', 'fee', 'mundur', 'melulu']"
"['baru', 'saja', 'ada', 'notifikasi', 'baru', 'aplikasi', 'ku', 'baru', 'beres', 'baru', 'ku', 'buka', 'aplikasi', 'nya', 'bahkan', 'tidak', 'ada', 'jaring', 'terus', 'padahal', 'sudah', 'sih', 'cache', 'bagaimana', 'ini', 'ya']"
"['kayak', 'aplikasi', 'nya', 'lagi', 'error', 'tidak', 'bisa', 'buka', 'milestone', 'jadi', 'cuma', 'bisa', 'lihat', 'yang', 'ada', 'di', 'halaman', 'awal', 'saja']"
"['telah', 'di', 'baharu', 'mangkin', 'kacau', 'jadwal', 'imunisasi', 'anak', 'saya', 'hilang', 'semua', 'padahal', 'ini', 'apakah', 'dari', 'anak', 'saya', 'yang', 'prtma', 'sampai', 'yang', 'ke', 'dua', 'pakai', 'ini', 'semua', 'saya', 'pantau', 'dari', 'sini', 'untuk', 'ingat', 'istri', 'bahkan', 'jadi', 'beranta', 'tidak', 'erti', 'lagi', 'deh', 'apakah', 'ini']"
"['keluar', 'malas', 'ikut', 'aplikasi', 'kayak', 'begini', 'pada', 'tidak', 'sopan', 'njawabnya', 'apa', 'salah', 'tanya', 'hamil', '21minggu', 'kedut', 'sering', 'banget', 'bagi', 'bawah', 'sampai', 'ingin', 'kencing', 'melulu', 'soal', 'hamil', 'pertama', 'tidak', 'cuma', 'tanya', 'kayak', 'begitu', 'doang', 'apa', 'salah', 'pada', 'njawabnya', 'sombong', 'banget', 'orang', 'adalah', 'biasa', 'saja', 'kenapa', 'tinggal', 'di', 'kasih', 'tahu']"
"['saya', 'sudah', 'donload', 'tapi', 'pas', 'log', 'in', 'pakai', 'no', 'handphone', 'tidak', 'dapat', 'kode', 'verifikasi', 'kenapa', 'iya', 'sinyal', 'tidak', 'ada', 'kendala', 'no', 'handphone', 'aktif', 'jaring', 'kuat', 'kuota', 'banyak']"
"['kok', 'aplikasi', 'sekarang', 'ubah', 'tidak', 'ada', 'lagy', 'seperti', 'pemberitahuan', 'tentang', 'kseharian', 'bayi', 'kita']"
"['kok', 'tidak', 'bisa', 'di', 'unduh', 'ya']"
"['aplikasi', 'nya', 'sering', 'ada', 'kendala', 'terus', 'kalau', 'buka', 'aplikasi', 'nya', 'pasti', 'sering', 'tryagain']"
"['menit', 'login', '10x']"
"['habis', 'diupdate', 'tidak', 'bisa', 'buka']"
"['kamu', 'just', 'call', 'my', 'baby', 'is', 'stunting', 'by', 'look', 'at', 'his', 'weight', 'cant', 'baru', 'data', 'sok', 'hate', 'to', 'see', 'that']"
"['dulu', 'lama', 'hamil', 'pakai', 'ini', 'manfaat', 'banget', 'ketika', 'bayi', 'lahir', 'juga', 'simpan', 'semua', 'data', 'di', 'sini', 'tapi', 'tiba', 'tiba', 'aplikasi', 'keupdate', 'tanpa', 'pemberitahuan', 'semua', 'data', 'hilang', 'album', 'foto', 'dari', 'newborn', 'sampai', '8', 'bulan', 'hilang', 'data', 'imunisasi', 'juga', 'hilang', 'benar', 'benar', 'kecewa', 'banget', 'dah', 'paling', 'benar', 'nyatet', 'tumbuh', 'kembang', 'anak', 'di', 'buku', 'saja']"
"['tidak', 'bisa', 'untuk', 'log', 'in', 'tiap', 'log', 'in', 'tidak', 'ada', 'jaring', 'terus', 'padahal', 'jaring', 'lancar2', 'saja', 'wifi', 'lancar', 'kuota', 'pun', 'ada', 'banyak', 'tolong', 'di', 'baik', 'agar', 'tidak', 'seperti', 'ini', 'terus']"
"['pertama', 'kali', 'pakai', 'hallobumil', 'kemarin', 'sudah', 'enak', 'banget', 'bisa', 'simpan', 'foto', 'dari', 'prtma', 'hamil', 'sampai', '30mgg', 'gara', 'gara', 'kemarin', 'keupgrade', 'sendiri', 'data', 'data', 'hamil', 'hilang', 'semua', 'bahkan', 'tambah', 'ribet', 'pakai', 'kecewa', 'banget', 'sih', 'sama', 'ini', 'aplikasi']"
"['aplikasi', 'bagus', 'tapi', 'pas', 'buka', 'artikel', 'muncul', 'iklan', 'ponds', 'tidak', 'bisa', 'lewat', 'jadi', 'sangat', 'sebal', 'artikel', 'tidak', 'bisa', 'baca', 'karena', 'iklan', 'yang', 'super', 'besar']"
"['maaf', 'kasih', 'bintang', '1', 'karena', 'memang', 'aneh', 'banget', 'masa', 'kode', 'verifikasi', 'salah', 'melulu', 'padahal', 'jelas', 'jelas', 'sudah', 'sama', 'kayak', 'yang', 'di', 'misscal', 'pakai', 'email', 'pun', 'tidak', 'dapat', 'email', 'verifikasi']"
"['kenapa', 'ini', 'tidak', 'bisa', 'terima', 'kode']"
"['saya', 'suka', 'aplikasi', 'in']"
"['benar', 'iya', 'bagus', 'tips', 'hamil', 'ini', 'tapi', 'kenapa', 'iya', 'dok', 'puya', 'saya', 'kok', 'bahasa', 'inggris']"
"['susah', 'buka', 'padahal', 'sinyal', 'bagus', 'pakai', 'wi', 'fi', 'buka', 'aplikasi', 'lain', 'bisa', 'aplikasi', 'ini', 'doang', 'yang', 'tidak', 'bisa', 'sudah', 'dua', 'kali', 'install', 'ulang']"
"['baru', 'coba', 'moga', 'bantu', 'saya', 'untuk', 'program', 'hamil']"
"['saya', 'kasih', '2', 'dulu', 'ya', 'karena', 'susah', 'pasang']"
"['login', 'pun', 'susah', 'langsung', 'uinstal', 'aplikasi', 'jelek', 'sekali']"
"['mau', 'ke', 'apakah', 'nya', 'lama', 'banget', 'loading', 'nya', 'parah', 'tolong', 'baik']"
"['sudah', '6', 'bulan', 'pakai', 'apakah', 'ini', 'tapi', 'kok', 'saya', 'tidak', 'bisa', 'masuk', 'lagi', 'tolong', 'baik', 'lagi', 'agar', 'saya', 'bisa', 'pakai', 'apakah', 'ini', 'lagi', 'sudah', '4', 'kali', 'gagal', 'terus']"
"['cukup', 'baik']"
"['jelek', 'jadi', 'tiba', 'tiba', 'tidak', 'bisa', 'buka', 'apakah', 'jadi', 'loading', 'terus']"
"['habis', 'di', 'baru', 'kenapa', 'semua', 'note', 'nya', 'jadi', 'hilang', 'iya', 'aduh']"
"['saya', 'mau', 'guna', 'fitur', 'live', 'chat', 'sama', 'dokter', 'sudah', 'isi', 'saldo', 'suruh', 'tunggu', 'antre', 'terus', 'ada', 'pilih', 'ganti', 'dokter', 'lain', 'diksh', '1x', 'gratis', 'chat', 'premium', 'tanpa', 'batas', 'pas', 'di', 'klik', 'langsung', 'hilang', 'begitu', 'saja', 'bagaimana', 'solusi']"
"['karena', 'baru']"
"['tidak', 'bisa', 'dbuka']"
"['telah', 'baharu', 'antara', 'hpht', 'sama', 'hpl', 'tidak', 'bisa', 'sinkron', 'dan', 'kadang', 'ubah', 'ubah', 'sendiri']"
"['buat', 'admin', 'maaf', 'belum', 'benar', 'aplikasi', 'bagus', 'dan', 'manfaat', 'tapi', 'saya', 'kecewa', 'karena', 'orang', 'orang', 'di', 'sana', 'suka', 'julid', 'suka', 'nyinyir', 'postingan', 'orang', 'banyak', 'bunda2', 'yang', 'mintak', 'saran', 'dan', 'tanya', 'dengan', 'baik', 'tapi', 'banyak', 'juga', 'makhluk', 'halus', 'yang', 'julid', 'in', 'bukan', 'kasih', 'saran', 'dan', 'support', 'karena', 'sama', 'sama', 'hamil', 'eh', 'bahkan', 'beri', 'komentar', 'komentar', 'yang', 'pedas', 'lebih', 'baik', 'aku', 'hapus', 'saja', 'deh', 'tap', 'dari', 'hpku', 'dari', 'pada', 'bikin', 'stres', 'dan', 'bahaya', 'hamil', 'karena', 'baca', 'baca', 'komentar', 'orang', 'yang', 'pedas2']"
"['aplikasi', 'nya', 'bagus', 'sangat', 'bantu', 'tumbuh', 'anak', 'sesuai', 'dengan', 'usia', 'nya', 'pas', 'lagi', 'anak', 'sedang', 'bagaimana', 'pas', 'di', 'lihat', 'cocok', 'terima', 'kasih']"
"['erorr', 'terus']"
"['telah', 'baru', 'data', 'hilang', 'semua']"
"['lambat', 'banget']"
"['minta', 'baru', 'melulu']"
"['telah', 'baru', 'kok', 'bahkan', 'balik', 'daftar', 'baru', 'sih']"
"['awal', 'nya', 'suka', 'tapi', 'gilir', 'mau', 'chat', 'ke', 'dokter', 'bahkan', 'suruh', 'ke', 'aplikasi', 'lain', 'agak', 'lecewa', 'sih', 'sudah', 'transfer', 'transaksi', 'lagi']"
"['laging', 'walang', 'resulta']"
"['enak', 'versi', 'lama']"
"['adminya', 'luar', 'biasa', 'kacau', 'apalagi', 'yang', 'nama', 'citra', 'putri', 'baru', 'kali', 'ini', 'orang', 'admin', 'tapi', 'tidak', 'bisa', 'netral']"
"['baharu', 'kok', 'bahkan', 'sering', 'muncul', 'iklan']"
"['kenapa', 'sekarang', 'tidak', 'bisa', 'cari', 'di', 'postingan', 'iya', 'padahal', 'itu', 'sangat', 'bantu', 'saya', 'untuk', 'sharing', 'dengan', 'bunda2', 'lain', 'perihal', 'hal', 'yang', 'tidak', 'saya', 'paham']"
"['sgat', 'bugus', 'dan', 'bantu']"
"['bagus', 'tapi', 'ku', 'lama', 'pernah', 'terima', 'kasih', 'hadiah', 'iya']"
"['makin', 'hari', 'makin', 'susah', 'buka', 'kenapa', 'iya', 'min', 'saya', 'mau', 'lihat', 'informasi', 'penting', 'putar', 'hamil', 'bahkan', 'malas', 'soal', 'loading', 'melulu', 'dan', 'ketika', 'klik', 'tiap', 'notifnya', 'bahkan', 'tidak', 'masuk', 'ke', 'aplikasi', 'tidak', 'ada', 'reaksi']"
"['tahu', 'ah', 'deh', 'di', 'uninstal', 'kali', 'kali', 'tetap', 'sama', 'saja', 'tidak', 'bisa', 'masuk']"
"['selamat', 'pagi', 'admin', 'mohon', 'maaf', 'malam', 'saya', 'guna', 'aplikasi', 'hallobumil', 'untuk', 'konsultasi', 'dengan', 'dokter', 'spesialis', 'anak', 'saya', 'sudah', 'bayar', 'tapi', 'tidak', 'dapat', 'konsultasi', 'karena', 'dokter', 'sedang', 'dalam', 'antre', 'di', 'sana', 'tulis', 'jika', 'tidak', 'dapat', 'konsultasi', 'akan', 'kirim', 'kupon', 'premium', 'yang', 'kirim', 'via', 'wa', 'yang', 'cantum', 'dengan', 'akun', 'tapi', 'nomor', 'wa', 'sebut', 'sudah', 'lama', 'hangus', 'dan', 'saya', 'tidak', 'dapat', 'akses', 'mohon', 'bantu', 'untuk', 'saya', 'dapat', 'kupon', 'kembali', 'terima', 'kasih']"
"['padahal', 'kemarin', 'sudah', 'bagus', 'gilir', 'di', 'baru', 'malah', 'hilang', 'semua', 'data']"
"['yang', 'sekarang', 'aneh', 'langsung', 'uninstal', 'kok', 'banyak', 'pertanyan', 'tidak', 'langsung', 'ke', 'gambar', 'sih', 'bayi', 'nya']"
['super']
"['kenapa', 'tidak', 'bisa', 'di', 'guna', 'terus', 'apknya']"
"['tolong', 'dong', 'lebih', 'teliti', 'komentar', 'nya', 'orang', 'orang', 'forum', 'saya', 'tanya', 'baik', 'baik', 'malah', 'jawab', 'seperti', 'ketus', 'tanya', 'malah', 'tanya', 'balik', 'tidak', 'ada', 'solusi', 'terus', 'guna', 'forum', 'tanya', 'kalau', 'jawab', 'tidak', 'ada', 'yang', 'beri', 'positif', 'dah', 'kecewa', 'banget', 'pada', 'soktau']"
"['aplikasi', 'tidak', 'mutu', 'minta', 'verifikasi', 'akun', 'via', 'sms', 'bahkan', 'kode', 'tidak', 'laku', 'yang', 'kirim', 'sesal', 'unduh', 'aplikasi', 'buang', 'buang', 'waktu', 'dan', 'kuota']"
"['fake', 'app']"
"['tidak', 'suka', 'dengan', 'tampil', 'baru', 'nya', 'bingung', 'versi', 'belum', 'sangat', 'bagus', 'dan', 'guna', 'friendly']"
"['tolong', 'ini', 'kenapa', 'aplikasi', 'saya', 'pakai', 'bahas', 'inggris', 'saja', 'padahal', 'sudah', 'di', 'ganti', 'atur', 'jadi', 'bahasa', 'indonesia']"
"['bagus', 'dan', 'sangat', 'bantu']"
"['bagus', 'banget']"
"['i', 'belum', 'not', 'login', 'to', 'my', 'account', 'no', 'place', 'to', 'login', 'need', 'to', 'register', 'again', 'i', 'do', 'not', 'know', 'kenapa', 'already', '1', 'and', 'half', 'hour', 'i', 'try', 'to', 'login', 'but', 'not', 'happen', 'stuck', 'at', 'register', 'sok', 'stres']"
"['aplikasi', 'ini', 'cukup', 'bantu']"
['spam']
"['sebal', 'niat', 'nya', 'mau', 'konsultasi', 'di', 'fitur', 'konsultasi', 'dokter', 'eh', 'pas', 'sudah', 'di', 'bayar', 'bahkan', 'tidak', 'bisa', 'chat', 'konsultasi', 'alhasil', 'biaya', 'nya', 'hilang', 'konsultasi', 'juga', 'tidak']"
"['bikin', 'bingung', 'aplikasi', 'sekarang']"
"['kenapa', 'hari', 'ini', 'apakah', 'nya', 'tidak', 'bisa', 'di', 'buka']"
"['kenapa', 'di', 'suruh', 'instal', 'ulang', 'iya', 'terus', 'susah', 'lagi', 'di', 'buka', 'semogah', 'alpikasi', 'bisah', 'buka', 'karenah', 'aplikasi', 'ini', 'sangat', 'bantu']"
"['kenapa', 'she', 'seperti', 'ini', 'padahal', 'sudah', 'diupdate', 'kok', 'suruh', 'lagi', 'fitur', 'anaky', 'jua', 'makin', 'lambat']"
"['habis', 'di', 'baru', 'aplikasi', 'tambah', 'lambat', 'banget']"
"['loadingnya', 'lama', 'banget']"
"['aku', 'hapus', 'apakah', 'ini', 'gragara', 'pas', 'diupgred', 'prediksi', 'dan', 'foto', 'foto', 'album', 'hilang', 'semuaa', 'malas', 'banget', 'tingkat', 'bukan', 'makin', 'bagus', 'bahkan', 'makin', 'tidak', 'jelass']"
"['tidak', 'bisa', 'buka', 'apakah', 'nya']"
"['susah', 'banget', 'di', 'instal', 'nya', 'ulang', 'ulang', 'unduh', 'cuma', 'ngabisin', 'kuota']"
"['kenapa', 'aplikasi', 'bahkan', 'ada', 'yang', 'selalu', 'bahas', 'masalah', 'pribadi', 'iya', 'dari', 'selingkuh', 'dari', 'keluarga', 'mertua', 'ini', 'aplikasi', 'harus', 'hanya', 'untuk', 'tahu', 'kembang', 'anak', 'bukan', 'hal', 'masalah', 'privasi', 'hidup', 'sendiri', 'mohon', 'untuk', 'saring', 'lagi', 'pertnyaan', 'pertnyaan', 'yang', 'tidak', 'jelass', 'saya', 'rasa', 'itu', 'tidak', 'baik', 'untuk', 'baca', 'terima', 'kasih']"
"['aplikasi', 'minta', 'baru', 'pas', 'di', 'baru', 'bahkan', 'jadi', 'ngehang', 'terus', 'handphone', 'sampai', 'ngeri', 'ledak', 'panas', 'banget']"
"['aplikasi', 'iya', 'bagus', 'dari', 'awal', 'hamil', 'sampai', 'tumbuh', 'kembang', 'anak', 'semua', 'ya', 'ada', 'dan', 'mudah', 'di', 'paham']"
"['data', 'semua', 'hilang']"
"['apakah', 'jelek', 'banget', 'tidak', 'bisa', 'log', 'in', 'di', 'suruh', 'pilih', '3', 'informasi', 'favorit', 'kok', 'tidak', 'bisa', 'klik', 'selesai', 'jadi', 'saya', 'hapus']"
"['susah', 'pakai', 'untuk', 'konsultasi', 'dokter', 'apa', 'lagi', 'pakai', 'kode', 'kupon', 'tahu', 'tahu', 'koneksi', 'buruk', 'nomor', 'belum', 'verivikasi', 'lah', 'invalid', 'kode', 'lah']"
['mantap']
"['saya', 'unduh', 'aplikasi', 'ini', 'saat', 'hamil', 'sudah', 'masuk', 'data', 'foto', 'lama', 'hamil', 'pas', 'sudah', 'lahir', 'saya', 'coba', 'buka', 'aplikasi', 'ini', 'nyata', 'ada', 'pop', 'up', 'tanya', 'apakah', 'saya', 'sudah', 'lahir', 'atau', 'belum', 'saya', 'jawab', 'sudah', 'tiba', 'tiba', 'aplikasi', 'ubah', 'untuk', 'kembang', 'baby', 'saya', 'cari', 'cari', 'dokumen', 'kembang', 'waktu', 'hamil', 'saya', 'tidak', 'ada', 'hilang', 'begitu', 'saja', 'saya', 'sudah', 'coba', 'kontak', 'csnya', 'tidak', 'ada', 'solusi', 'jadi', 'data', 'data', 'yang', 'sudah', 'saya', 'masuk', 'lama', 'hamil', 'hilang', 'percuma', 'banget', 'dunks', 'yang', 'kemarin', 'kemarin', 'tidak', 'worthed']"
"['gila', 'deh', 'aplikasi', 'apa', 'ini', 'baru', 'di', 'instal', 'bikin', 'handphone', 'loading', 'parah', 'ngeleg', 'begitu', 'uninstal', 'handphone', 'ku', 'langsung', 'normal']"
"['kenapa', 'saya', 'unduh', 'aplikasi', 'ini', 'tidak', 'bisa', 'iya']"
['mantap']
"['kok', 'tidak', 'bisa', 'di', 'buka', 'iya']"
"['di', 'na', 'ganon', 'kaganda', 'kahit', 'nakal', 'wifi', 'na', 'ako', 'puro', 'loading']"
"['tidak', 'bisa', 'cari']"
"['ini', 'kenapa', 'yang', 'fitur', 'nama', 'bayi', 'tidak', 'bisa', 'full', 'bagi', 'bawah', 'potong', 'di', 'bagi', 'yang', 'arti', 'nama', 'belakang', 'tolong', 'info', 'dong']"
"['', 'viparent', 'facebook', '', '500', '', '', '', '']"
"['tidak', 'bisa', 'di', 'buka']"
"['tiap', 'buka', 'asianparent', 'minta', 'baru', 'terus', 'aplikasi']"
"['i', 'find', 'it', 'si', 'great', 'for', 'tracking', 'baby', 'grow', 'only', 'the', 'rest', 'meh', 'if', 'kamu', 'tanya', 'question', 'in', 'there', 'your', 'question', 'mau', 'appear', 'on', 'people', 'feed', 'for', 'like', 'after', 'a', 'few', 'bulan', 'orang', 'maybe', 'after', 'kamu', 'have', 'given', 'birth', 'if', 'kamu', 'are', 'lucky', 'kamu', 'got', 'it', 'within', 'the', 'sama', 'day', 'but', 'won', 't', 'happen', 'to', 'all', 'questions', 'kamu', 'asked', 'just', '1', 'tap', 'loves', 'to', 'pin', 'unrelated', 'tidak', 'guna', 'question', 'to', 'the', 'feed', 'for', 'several', 'days', 'for', 'eg', 'how', 'long', 'does', 'it', 'takes', 'for', 'kamu', 'to', 'pregnant', 'admin', 'bunting', 'pelamin', 'apa', 'is', 'this', 'not', 'a', 'race', 'ughh', 'disgust']"
"['di', 'baru', 'versi', 'baru', 'bukan', 'makin', 'bagus', 'bahkan', 'data', 'hilang', 'semua', 'dan', 'fitur', 'tidak', 'ada', 'yang', 'bisa', 'guna', 'padahal', 'sudah', 'rajin', 'nyatet', 'tumbuh', 'kembang', 'sih', 'kecil']"
"['tai', 'try', 'again', 'picekk']"
"['please', 'work', 'on', 'your', 'push', 'notification', 'messages', 'kamu', 'insinuate', 'that', 'parents', 'do', 'not', 'care', 'for', 'their', 'kids', 'just', 'soal', 'they', 'don', 't', 'unjung', 'your', 'app']"
"['beri', 'ilmu', 'baru', 'yang', 'manfaat']"
"['mau', 'tanya', 'sih', 'dalam', '1minggu', 'ada', '7', 'hari', 'kenapa', 'jadi', '9hari', 'di', 'aplikasi', 'ini']"
"['kenapa', 'error', 'terus', 'iya', 'kalau', 'mau', 'cari', 'keyword', 'apa', 'begitu', 'loading', 'lama', 'tolong', 'di', 'tingkat', 'lagi', 'kak']"
"['kenapa', 'iya', 'sekarang', 'tidak', 'bisa', 'cari', 'di', 'postingan', 'padahal', 'itu', 'bantu', 'sekali', 'contoh', 'saya', 'ingin', 'cari', 'tentang', 'blackmores', 'di', 'postingan', 'selalu', 'muncul', 'tidak', 'ada', 'hasil', 'padahal', 'dulu', 'ketika', 'saya', 'cari', 'informasi', 'apa', 'di', 'menu', 'postingan', 'pasti', 'selalu', 'ada', 'tolong', 'baik', 'iya']"
"['coba', 'buat', 'akun', 'tidak', 'bisa', 'terus', 'payah', 'banget', 'email', 'tidak', 'sesuai', 'format', 'terus', 'padahal', 'sudah', 'benar']"
"['saya', 'sudah', 'bayar', 'mau', 'konsultasi', 'dokter', 'tapi', 'tidak', 'bisa', 'bisa', 'dichat', 'buruk', 'sekali']"
"['good', 'i', 'think', 'we', 've', 'get', 'more', 'knowledge', 'about', 'parenting']"
"['percuma', 'ada', 'notifikasi', 'tentang', 'artikel', 'yang', 'clickbait', 'memang', 'ingin', 'saya', 'baca', 'artikel', 'tapi', 'pas', 'di', 'klik', 'tidak', 'di', 'bawa', 'ke', 'artikel', 'nya', 'bahkan', 'di', 'home', 'percuma', 'fix', 'this', 'tolong']"
"['jujur', 'saya', 'suka', 'sama', 'fitur', 'iya', 'tapi', 'kok', 'kenapa', 'tidak', 'bisa', 'buka', 'cuma', 'layar', 'putih', 'doang', 'yang', 'muncul', 'padahal', 'butuh', 'banget', 'buat', 'lihat', 'kembang', 'jnin', 'saya']"
"['alhamdulillah', 'jadi', 'tahu', 'kadang', 'sama', 'dengan', 'yang', 'dirasain', 'oleh', 'saya']"
"['kira', 'hpht', 'dengan', 'hpl', 'tidak', 'akurat', 'sangat', 'beda', 'dengan', 'dokter', 'masih', 'lebih', 'akurat', 'apakah', 'tahun', 'asia', 'dan', 'par', 'ng']"
"['tolong', 'beri', 'tanggap', 'ke', 'instagram', 'aplikasi', 'keluar', 'sendiri', 'mau', 'login', 'atau', 'daftar', 'tidak', 'bisa', 'ku', 'uninstal', 'reset', 'lupa', 'password', 'tetap', 'tidak', 'bisa', 'padahal', 'sudah', 'dapat', 'email']"
"['saya', 'mau', 'buka', 'apakah', 'teman', 'ibu', 'hamil', 'kok', 'loading', 'tidak', 'buka', 'padahal', 'sudah', 'fu', 'baru', 'kuota', 'saya', 'juga', 'masih', 'banyak', 'sudah', 'tidak', 'erti', 'lagi', 'sama', 'apakah', 'ini', 'makin', 'kacau', 'saja']"
"['tiba', 'tiba', 'baru', 'sendiri', 'terus', 'log', 'out', 'sendiri', 'hpl', 'jadi', 'beda']"
"['mau', 'login', 'saja', 'susah', 'sekali']"
"['sering', 'eror']"
"['sangat', 'kecewa', 'karena', 'admin', 'tidak', 'relevan', 'dalam', 'sikap', 'case']"
"['hpl', 'nya', 'kok', 'beda', 'ya', 'dengan', 'bidan']"
"['tidak', 'bisa', 'login', 'tidak', 'bisa', 'daftar', 'baru']"
['baik']
"['sudah', 'bayar', 'untuk', 'konsultasi', 'dokter', 'tapi', 'tidak', 'bisa', 'mulai', 'chat', 'kurang', 'bantu', 'sih']"
"['belum', 'mohon', 'maaf', 'tolong', 'di', 'perhati', 'anggota', 'vip', 'nya', 'para', 'talent', 'butuh', 'pasti', 'bayar', 'bayar', 'fee', 'talent', 'lama', 'bahkan', 'moloor', 'dari', 'jadwal', 'tanggung', 'jawab', 'iya', 'admin', 'vip']"
"['kecewa', 'sih', 'karena', 'banyak', 'iklan', 'tiap', 'baca', 'artikel', 'selalu', 'tidak', 'sampai', 'selesai', 'karena', 'tutup', 'iklan', 'penuh', 'di', 'layar', 'memang', 'masih', 'bisa', 'di', 'scroll', 'tapi', 'percuma', 'karena', 'artikel', 'susah', 'baca', 'di', 'skip', 'tidak', 'bisa', 'di', 'back', 'buat', 'artikel', 'hilang']"
"['habis', 'dibperbarui', 'bahkan', 'jelek', 'susah', 'banget', 'buat', 'buka', 'aplikasi', 'loading', 'terus']"
"['', '', '', '', '', '', '', '', '', '', '']"
"['tiap', 'ada', 'notifikasi', 'informasi', 'artikel', 'ketika', 'di', 'klik', 'mau', 'baca', 'pasti', 'yang', 'muncul', 'bukan', 'artikel', 'di', 'notifikasi', 'tolong', 'baik', 'percuma', 'ada', 'notifikasi', 'artikel', 'tapi', 'tidak', 'bisa', 'baca']"
"['terlalu', 'sering', 'minta', 'di', 'up', 'padahal', 'lagi', 'butuh', 'banget', 'cepat', 'cari']"
"['kak', 'maaf', 'aplikasi', 'tidak', 'bisa', 'di', 'buka', 'sudah', 'di', 'copat', 'uninstall', 'dan', 'install', 'lagi', 'tetap', 'tidak', 'bisa', 'mohon', 'untuk', 'di', 'baik']"
"['bagus', 'versi', 'yang', 'kemarin', 'min', 'lebih', 'akurat', 'telah', 'tingkat', 'jadi', 'kacau', 'tanggal', 'pun', 'jadi', 'tidak', 'sesuai', 'balik', 'versi', 'lama', 'saja', 'min', 'sistem', 'sudah', 'bagus']"
"['tidak', 'bantu', 'sama', 'sekali']"
"['baik', 'dulu', 'tidak', 'usah', 'saya', 'jelas', 'komentar', 'yang', 'lain', 'sudah', 'wakil']"
"['kenapa', 'sekarang', 'bahasa', 'inggris', 'bisa', 'tidak', 'bahasa', 'indonesia', 'saja']"
"['kok', 'tidak', 'bisa', 'masuk', 'sih']"
"['rasa', 'baru', 'cara', 'psikologi']"
"['tidak', 'ada', 'fitur', 'rekam', 'medis', 'seperti', 'bb', 'tekan', 'darah', 'dan', 'lain']"
"['semenjak', 'tingkat', 'jadi', 'tidak', 'bisa', 'alesannya', 'koneksi', 'padahal', 'koneksi', 'bagus', 'buat', 'buka', 'aplikasi', 'lain', 'bisa']"
"['aku', 'tidak', 'paham', 'macam', 'mana', 'nak', 'tebus', 'point', 'itu', 'susah', 'hurhh']"
"['tolong', 'kembali', 'data', 'riwayat', 'yang', 'kemarin', 'dong', 'saya', 'rajin', 'unggah', 'in', 'foto', 'tiap', 'minggu', 'dan', 'isi', 'data', 'mulai', 'hamil', 'sampai', 'sih', 'kecil', 'lahir']"
"['kode', 'otp', 'susah', 'masuk']"
"['kenapa', 'di', 'menu', 'pantau', 'kembang', 'anak', 'jadi', 'bahasa', 'inggris', 'min']"
"['baru', 'baru', 'ada', 'bug', 'aplikasi', 'macam', 'apa', 'ini']"
"['kenapa', 'tiap', 'buka', 'aplikasi', 'selalu', 'kembali', 'lagi', 'ke', 'awal', 'menu', 'tolong', 'di', 'baik']"
"['kenapa', 'punya', 'ku', 'untuk', 'masuk', 'gagal', 'terus', 'iya', 'kode', 'verifikasi', 'padahal', 'sudah', 'benar', 'tapi', 'di', 'bilang', 'salah', 'terus']"
"['aplikasi', 'tidak', 'jelas', 'macet', 'parah']"
['iya']
"['maaf', 'aplikasi', 'makin', 'jelek', 'sekarang', 'banyak', 'iklan', 'muncul', 'dan', 'bahkan', 'klik', 'tanda', 'silang', 'tidak', 'bisa', 'tutup', 'itu', 'iklan', 'makin', 'kecewa', 'dengan', 'aplikasi', 'asianparent', 'baru', 'scrol', 'sedikit', 'sudah', 'muncul', 'iklan', 'lihat', 'artikel', 'muncul', 'iklan', 'sekali', 'tumpuk', 'semua', 'iklan', 'sampai', 'artikel', 'dan', 'semua', 'postingan', 'isi', 'iklan', 'semua']"
"['kenapa', 'harus', 'di', 'baru']"
"['tiap', 'saat', 'baru', 'bagus', 'yang', 'awal', 'lebih', 'nnyaman']"
"['baru', 'coba']"
"['tidak', 'bisa', 'di', 'instal']"
"['apa', 'happened', 'dengan', 'the', 'app', 'i', 'already', 'reinstall', 'but', 'i', 'belum', 't', 'log', 'in']"
